OrderID,Date,CustomerID,Product,Quantity,UnitPrice,ShippingAddress,PaymentMethod,OrderStatus,TrackingNumber,ItemsInCart,CouponCode,ReferralSource,TotalPrice
200112,01-01-2023,81366,Monitor,1,410.6,423,Online,Cancelled,17062206,2,WINTER15,Referral,410.6
200236,01-01-2023,14847,Monitor,1,318.81,562,Debit Card,Pending,39663243,3,WINTER15,Email,318.81
200848,01-01-2023,54675,Chair,2,645.85,634,Online,Shipped,18049633,5,,Referral,1291.7
200373,02-01-2023,60178,Laptop,3,341.15,969,Cash,Pending,84505143,4,FREESHIP,Instagram,1023.45
200645,02-01-2023,82990,Laptop,2,150.05,727,Credit Card,Cancelled,68574801,4,SAVE10,Facebook,300.1
200881,03-01-2023,59579,Tablet,2,448.85,386,Credit Card,Pending,48000034,6,,Instagram,897.7
200000,04-01-2023,72649,Monitor,5,570.62,928,Debit Card,Shipped,37947903,7,SAVE10,Instagram,2853.1
200698,04-01-2023,44366,Laptop,2,388.22,169,Cash,Delivered,48658394,2,WINTER15,Instagram,776.44
200371,05-01-2023,59752,Phone,5,307.76,179,Gift Card,Pending,82229639,9,FREESHIP,Google,1538.8
200491,05-01-2023,98168,Phone,5,420.7,481,Cash,Pending,56423359,5,WINTER15,Facebook,2103.5
200472,06-01-2023,60029,Chair,3,508.12,796,Credit Card,Cancelled,86461316,8,FREESHIP,Referral,1524.36
200034,07-01-2023,67195,Chair,4,576.52,926,Credit Card,Pending,55467915,5,WINTER15,Facebook,2306.08
200555,07-01-2023,88933,Tablet,1,92.04,333,Cash,Shipped,89306964,2,,Facebook,92.04
200131,08-01-2023,72862,Tablet,1,84.8,606,Gift Card,Pending,51648833,5,,Instagram,84.8
201084,08-01-2023,45175,Phone,1,70.82,128,Gift Card,Pending,41792296,1,WINTER15,Instagram,70.82
201179,08-01-2023,84630,Laptop,5,518.55,907,Credit Card,Cancelled,48054997,6,WINTER15,Instagram,2592.75
200262,10-01-2023,69476,Phone,4,249.07,642,Credit Card,Returned,65869386,5,WINTER15,Referral,996.28
200418,11-01-2023,74169,Printer,1,310.93,862,Online,Cancelled,66144809,3,,Facebook,310.93
201003,11-01-2023,84700,Printer,5,319.97,582,Cash,Shipped,14706969,7,SAVE10,Google,1599.85
200957,12-01-2023,73575,Monitor,5,643.89,851,Cash,Returned,23387612,8,WINTER15,Facebook,3219.45
201008,13-01-2023,62557,Monitor,3,410.88,257,Cash,Delivered,12742366,8,FREESHIP,Instagram,1232.64
200093,14-01-2023,97262,Desk,4,431.01,837,Credit Card,Returned,65990229,7,,Referral,1724.04
200098,14-01-2023,70921,Printer,2,228.54,533,Debit Card,Pending,54983109,3,,Email,457.08
200750,14-01-2023,14737,Tablet,4,145.41,637,Credit Card,Returned,10295115,7,FREESHIP,Email,581.64
200058,15-01-2023,60190,Phone,4,474.69,202,Gift Card,Cancelled,70857868,6,SAVE10,Google,1898.76
200483,18-01-2023,66462,Phone,5,347.92,982,Cash,Pending,52743700,6,WINTER15,Google,1739.6
200383,20-01-2023,18944,Chair,4,393.8,837,Credit Card,Pending,45275439,7,SAVE10,Email,1575.2
200639,20-01-2023,22534,Chair,1,529.19,391,Cash,Cancelled,17415798,5,,Referral,529.19
201080,20-01-2023,70613,Laptop,5,464.74,438,Gift Card,Delivered,33140293,7,,Referral,2323.7
200057,22-01-2023,88036,Printer,5,314.27,842,Cash,Returned,52470128,6,SAVE10,Instagram,1571.35
200577,22-01-2023,77046,Tablet,4,185.41,967,Online,Returned,44401497,9,WINTER15,Google,741.64
200766,22-01-2023,91454,Printer,2,278.88,494,Debit Card,Pending,99985340,3,FREESHIP,Referral,557.76
200019,23-01-2023,14552,Monitor,5,224,273,Cash,Returned,59101365,9,SAVE10,Google,1120
200692,23-01-2023,25534,Desk,5,196.84,319,Credit Card,Delivered,68347402,5,WINTER15,Instagram,984.2
200955,23-01-2023,82068,Chair,1,408.13,164,Gift Card,Shipped,25779180,3,WINTER15,Instagram,408.13
200016,24-01-2023,28976,Printer,2,533.81,914,Credit Card,Pending,13194259,3,FREESHIP,Email,1067.62
200751,24-01-2023,35168,Tablet,2,599.86,455,Gift Card,Pending,76960854,7,FREESHIP,Facebook,1199.72
200295,25-01-2023,49009,Printer,5,107.48,278,Debit Card,Cancelled,46285799,9,FREESHIP,Email,537.4
200573,25-01-2023,13205,Chair,5,421.42,522,Debit Card,Cancelled,30686578,7,,Instagram,2107.1
200933,26-01-2023,59685,Monitor,2,394.16,255,Online,Shipped,43718093,2,,Referral,788.32
200556,28-01-2023,30923,Laptop,1,654.27,932,Gift Card,Pending,82609328,2,SAVE10,Facebook,654.27
200662,28-01-2023,98332,Laptop,3,438.89,985,Cash,Returned,85744797,3,,Facebook,1316.67
200977,28-01-2023,85841,Chair,4,649.47,608,Cash,Pending,99820544,8,SAVE10,Google,2597.88
200022,29-01-2023,34416,Monitor,2,49.62,633,Online,Pending,75937350,2,SAVE10,Google,99.24
201151,29-01-2023,94381,Chair,2,608.04,962,Cash,Cancelled,69804304,4,,Google,1216.08
200560,31-01-2023,33634,Monitor,4,588.85,524,Gift Card,Pending,93168008,7,,Email,2355.4
200561,31-01-2023,96822,Printer,2,494.78,198,Online,Shipped,89180077,2,,Google,989.56
200679,02-02-2023,40798,Tablet,3,360.66,304,Online,Returned,66106697,5,FREESHIP,Instagram,1081.98
200836,02-02-2023,31810,Phone,1,178.44,328,Credit Card,Cancelled,58725886,2,FREESHIP,Google,178.44
200486,03-02-2023,88981,Printer,4,611.26,558,Cash,Shipped,75267873,5,SAVE10,Referral,2445.04
200274,04-02-2023,50967,Phone,2,182.4,884,Gift Card,Cancelled,65300814,5,SAVE10,Referral,364.8
200669,05-02-2023,60547,Desk,1,257,812,Debit Card,Cancelled,65694249,5,,Referral,257
200829,05-02-2023,39551,Monitor,1,76.93,685,Debit Card,Delivered,68358007,6,WINTER15,Instagram,76.93
200953,06-02-2023,43721,Phone,1,131.61,971,Cash,Shipped,89392104,2,FREESHIP,Facebook,131.61
200187,08-02-2023,21227,Chair,1,590.87,689,Gift Card,Returned,79129657,6,FREESHIP,Referral,590.87
200366,10-02-2023,95213,Printer,3,602.24,603,Debit Card,Pending,40630538,8,,Referral,1806.72
200094,11-02-2023,79821,Chair,1,531.18,781,Gift Card,Returned,12780193,6,WINTER15,Instagram,531.18
200436,11-02-2023,14568,Laptop,4,221.33,651,Online,Pending,73545796,5,,Google,885.32
200923,11-02-2023,91582,Printer,3,649.93,836,Credit Card,Pending,99938245,7,WINTER15,Facebook,1949.79
201041,11-02-2023,21167,Monitor,4,558.9,948,Gift Card,Shipped,97737564,9,WINTER15,Google,2235.6
200927,14-02-2023,35566,Laptop,4,64.69,638,Debit Card,Shipped,10003020,7,WINTER15,Google,258.76
200509,15-02-2023,68937,Laptop,2,425.03,560,Cash,Returned,31908657,2,WINTER15,Google,850.06
200244,16-02-2023,98096,Desk,2,317.77,838,Debit Card,Cancelled,51518631,4,WINTER15,Facebook,635.54
200284,16-02-2023,27203,Laptop,5,208.17,516,Credit Card,Returned,22023906,6,SAVE10,Facebook,1040.85
200293,16-02-2023,33220,Tablet,4,463.04,564,Gift Card,Returned,40450219,9,,Instagram,1852.16
200913,16-02-2023,45599,Printer,5,475.95,505,Credit Card,Returned,62277685,8,WINTER15,Facebook,2379.75
201144,16-02-2023,88463,Desk,5,507.94,292,Online,Cancelled,88749996,9,,Facebook,2539.7
200100,17-02-2023,74866,Phone,3,664.79,743,Online,Delivered,53783265,6,,Facebook,1994.37
200128,17-02-2023,86408,Tablet,4,21.07,244,Gift Card,Delivered,41432648,4,FREESHIP,Google,84.28
200160,17-02-2023,38669,Monitor,4,101.32,240,Cash,Pending,81738254,7,,Referral,405.28
201028,17-02-2023,60042,Desk,4,440.31,610,Cash,Cancelled,84651559,6,,Instagram,1761.24
200479,18-02-2023,87011,Monitor,4,25.29,943,Credit Card,Pending,21429162,8,,Google,101.16
200235,20-02-2023,32854,Desk,1,65.45,815,Cash,Pending,30009218,2,WINTER15,Google,65.45
201150,20-02-2023,17921,Desk,4,302.65,119,Credit Card,Cancelled,79291524,8,SAVE10,Referral,1210.6
200673,21-02-2023,46504,Tablet,2,372.92,131,Credit Card,Delivered,95024356,7,SAVE10,Email,745.84
200297,22-02-2023,68078,Desk,2,493.88,252,Credit Card,Returned,64862812,7,SAVE10,Instagram,987.76
201069,25-02-2023,70506,Monitor,1,454.23,255,Gift Card,Returned,12518384,3,,Facebook,454.23
201090,25-02-2023,61225,Monitor,2,650.25,996,Gift Card,Returned,37022954,6,,Instagram,1300.5
200343,26-02-2023,64638,Printer,1,527.57,919,Debit Card,Pending,64087938,3,FREESHIP,Facebook,527.57
201072,26-02-2023,88644,Monitor,1,392.61,977,Gift Card,Cancelled,14900878,4,SAVE10,Referral,392.61
200155,27-02-2023,62740,Phone,1,424.4,446,Online,Shipped,20706408,6,WINTER15,Referral,424.4
200797,27-02-2023,36825,Laptop,2,438.76,426,Debit Card,Returned,72557318,2,,Facebook,877.52
200328,28-02-2023,18404,Tablet,5,674.04,546,Online,Cancelled,89401624,7,SAVE10,Google,3370.2
201031,28-02-2023,59183,Phone,5,664.51,136,Debit Card,Pending,18129706,8,SAVE10,Email,3322.55
200745,02-03-2023,73813,Printer,4,111.3,364,Debit Card,Pending,89906749,7,FREESHIP,Email,445.2
200818,02-03-2023,25580,Phone,4,390.84,860,Credit Card,Cancelled,58781638,9,WINTER15,Referral,1563.36
201005,02-03-2023,38065,Printer,3,392.85,426,Credit Card,Returned,11448295,6,,Google,1178.55
200205,04-03-2023,19266,Desk,3,147.39,609,Debit Card,Returned,58357269,3,,Email,442.17
200775,04-03-2023,73941,Phone,2,625.22,569,Online,Cancelled,22051900,5,,Google,1250.44
200533,05-03-2023,66349,Desk,1,565.85,715,Gift Card,Returned,63550793,1,FREESHIP,Facebook,565.85
200102,08-03-2023,18037,Laptop,2,70.34,944,Gift Card,Cancelled,47362236,3,FREESHIP,Email,140.68
200117,08-03-2023,49187,Tablet,1,535.5,593,Gift Card,Cancelled,81888598,5,WINTER15,Referral,535.5
200404,09-03-2023,45482,Monitor,2,99.1,440,Cash,Delivered,54571699,6,,Instagram,198.2
200425,09-03-2023,40648,Laptop,2,301.88,488,Gift Card,Returned,25325993,5,WINTER15,Email,603.76
200487,09-03-2023,40136,Printer,3,346.52,211,Credit Card,Pending,92924852,3,SAVE10,Google,1039.56
200794,09-03-2023,76653,Printer,4,384.85,988,Online,Delivered,77052196,9,FREESHIP,Instagram,1539.4
200520,10-03-2023,66332,Monitor,3,635.98,959,Cash,Returned,27063398,5,,Referral,1907.94
200568,10-03-2023,29072,Laptop,2,343.99,312,Online,Delivered,72334047,4,,Google,687.98
200288,12-03-2023,97643,Laptop,4,512.75,537,Debit Card,Returned,60831391,8,WINTER15,Google,2051
200725,12-03-2023,95269,Chair,2,194.85,372,Gift Card,Returned,45670926,5,,Referral,389.7
201106,12-03-2023,34555,Chair,1,372.8,903,Cash,Cancelled,72859458,6,SAVE10,Facebook,372.8
200464,14-03-2023,39176,Tablet,4,434.42,739,Online,Cancelled,71418686,6,FREESHIP,Google,1737.68
200515,14-03-2023,67561,Phone,3,553.52,160,Gift Card,Shipped,75900717,4,FREESHIP,Facebook,1660.56
200655,14-03-2023,22101,Chair,2,132.6,262,Debit Card,Cancelled,70711522,4,WINTER15,Email,265.2
200091,15-03-2023,98216,Laptop,5,492.75,196,Cash,Shipped,40986666,6,WINTER15,Referral,2463.75
201114,16-03-2023,55164,Tablet,3,659.88,609,Gift Card,Cancelled,79610967,3,,Google,1979.64
200180,18-03-2023,87216,Tablet,5,316.07,970,Cash,Returned,18713727,10,,Google,1580.35
201078,18-03-2023,62627,Desk,1,41.09,881,Online,Returned,90060232,4,WINTER15,Email,41.09
200116,19-03-2023,47761,Printer,4,291.35,109,Credit Card,Cancelled,66669207,6,WINTER15,Facebook,1165.4
200861,19-03-2023,93276,Desk,5,330.45,230,Gift Card,Shipped,44165913,10,FREESHIP,Google,1652.25
201113,19-03-2023,52914,Desk,4,209.99,168,Cash,Delivered,80819053,8,,Google,839.96
201108,20-03-2023,35136,Laptop,1,634.94,462,Online,Cancelled,49753703,5,WINTER15,Instagram,634.94
200893,21-03-2023,99533,Monitor,1,678.01,696,Cash,Pending,55701253,4,FREESHIP,Referral,678.01
200703,22-03-2023,89336,Desk,1,92.79,799,Cash,Pending,47665103,3,WINTER15,Email,92.79
200989,23-03-2023,49995,Laptop,4,246.11,559,Credit Card,Pending,33212013,4,SAVE10,Instagram,984.44
200095,24-03-2023,76761,Printer,4,117.51,839,Debit Card,Returned,60179774,7,,Referral,470.04
200263,25-03-2023,71040,Phone,4,434.85,250,Credit Card,Pending,41397604,4,WINTER15,Google,1739.4
200628,26-03-2023,18717,Printer,5,558.63,861,Cash,Pending,58568806,8,FREESHIP,Referral,2793.15
200758,26-03-2023,69021,Tablet,3,624.84,917,Credit Card,Cancelled,57148510,8,WINTER15,Facebook,1874.52
200932,26-03-2023,26118,Laptop,2,72.39,168,Online,Delivered,15334251,7,WINTER15,Instagram,144.78
200014,27-03-2023,98474,Tablet,2,393.33,980,Debit Card,Pending,79186539,3,SAVE10,Instagram,786.66
200107,27-03-2023,16775,Printer,5,670.75,848,Gift Card,Shipped,34392124,8,FREESHIP,Instagram,3353.75
200280,27-03-2023,55388,Tablet,3,404.62,740,Gift Card,Delivered,75741001,6,FREESHIP,Instagram,1213.86
200940,27-03-2023,74003,Printer,4,305.32,679,Online,Cancelled,91525779,4,SAVE10,Google,1221.28
200132,28-03-2023,96257,Tablet,4,450.75,583,Credit Card,Shipped,13137948,6,WINTER15,Email,1803
200271,28-03-2023,59572,Monitor,1,542.07,791,Cash,Shipped,16792991,6,WINTER15,Referral,542.07
201010,31-03-2023,33729,Monitor,3,659.57,533,Credit Card,Cancelled,35649833,6,SAVE10,Email,1978.71
200451,01-04-2023,14837,Monitor,1,183.18,647,Debit Card,Cancelled,17501136,6,SAVE10,Email,183.18
201143,03-04-2023,41132,Chair,1,381.61,114,Debit Card,Pending,51040137,5,,Email,381.61
200250,05-04-2023,93379,Desk,3,42.95,318,Gift Card,Returned,67954150,8,SAVE10,Email,128.85
201183,05-04-2023,12607,Desk,1,281.52,460,Gift Card,Shipped,83653396,6,WINTER15,Referral,281.52
200499,06-04-2023,18138,Printer,3,539.46,520,Credit Card,Shipped,20289483,4,SAVE10,Facebook,1618.38
200763,06-04-2023,79142,Laptop,1,569.96,533,Online,Delivered,30915955,4,FREESHIP,Email,569.96
200718,08-04-2023,16790,Laptop,4,64.74,718,Gift Card,Cancelled,91791367,8,SAVE10,Google,258.96
201168,08-04-2023,89559,Laptop,2,331.42,297,Credit Card,Delivered,82838108,6,WINTER15,Google,662.84
200402,09-04-2023,83026,Printer,5,337.38,858,Gift Card,Shipped,79746259,5,,Referral,1686.9
200139,10-04-2023,61440,Phone,1,583.9,714,Cash,Returned,33114521,1,,Email,583.9
200317,10-04-2023,88370,Monitor,2,139.95,339,Online,Returned,22575151,5,,Instagram,279.9
200120,11-04-2023,58108,Tablet,4,629.34,986,Cash,Cancelled,66218053,4,WINTER15,Instagram,2517.36
200424,12-04-2023,49491,Chair,5,22.94,339,Cash,Pending,64012257,10,,Email,114.7
201123,14-04-2023,68936,Tablet,3,554.25,843,Debit Card,Shipped,73163634,6,WINTER15,Referral,1662.75
200331,15-04-2023,78724,Printer,3,422.13,187,Online,Delivered,25703134,7,SAVE10,Facebook,1266.39
200514,16-04-2023,15629,Printer,3,304.15,492,Gift Card,Shipped,64926044,3,WINTER15,Instagram,912.45
200799,16-04-2023,26364,Laptop,4,328.56,803,Debit Card,Returned,78924436,4,FREESHIP,Email,1314.24
200213,20-04-2023,71122,Laptop,1,634.4,317,Cash,Cancelled,54757882,6,SAVE10,Email,634.4
201032,20-04-2023,26188,Chair,1,618.68,990,Online,Delivered,61634201,6,WINTER15,Referral,618.68
201158,20-04-2023,82781,Monitor,4,27.42,661,Debit Card,Pending,20605418,4,SAVE10,Referral,109.68
200611,21-04-2023,36688,Desk,1,305.17,700,Gift Card,Returned,35720426,3,WINTER15,Referral,305.17
200714,21-04-2023,84888,Laptop,1,51.73,278,Debit Card,Pending,23612847,1,FREESHIP,Facebook,51.73
201081,21-04-2023,55636,Monitor,4,425.6,494,Credit Card,Pending,85897054,5,FREESHIP,Google,1702.4
200340,23-04-2023,76207,Laptop,5,521.25,826,Cash,Cancelled,25569378,8,,Email,2606.25
200481,23-04-2023,94568,Laptop,4,484.85,317,Debit Card,Delivered,58653915,5,WINTER15,Referral,1939.4
201103,24-04-2023,90292,Laptop,4,276.32,129,Online,Delivered,26270357,5,,Google,1105.28
201177,27-04-2023,23917,Printer,1,127.55,433,Cash,Shipped,44434536,3,SAVE10,Referral,127.55
200218,28-04-2023,11665,Tablet,3,112.46,882,Gift Card,Shipped,10993930,6,SAVE10,Instagram,337.38
200386,28-04-2023,12421,Tablet,1,93.02,373,Online,Returned,32588504,4,,Email,93.02
200778,28-04-2023,85059,Laptop,4,246.85,316,Credit Card,Shipped,56503740,8,WINTER15,Google,987.4
200865,30-04-2023,72241,Monitor,4,677.37,156,Cash,Pending,76270481,8,SAVE10,Google,2709.48
200032,01-05-2023,12388,Tablet,5,536.72,830,Cash,Delivered,99261395,10,,Email,2683.6
200368,01-05-2023,85322,Monitor,3,271.02,403,Credit Card,Cancelled,89728869,6,,Google,813.06
201026,01-05-2023,55454,Monitor,1,677.48,807,Online,Delivered,13281370,1,WINTER15,Facebook,677.48
200632,02-05-2023,67260,Laptop,5,678.16,463,Gift Card,Delivered,38229104,7,WINTER15,Facebook,3390.8
200665,02-05-2023,83653,Tablet,4,231.26,253,Online,Shipped,32619935,6,WINTER15,Google,925.04
200073,03-05-2023,17269,Monitor,4,433.45,129,Gift Card,Cancelled,79608389,4,,Facebook,1733.8
200667,03-05-2023,10477,Laptop,1,466.42,172,Gift Card,Pending,41505339,5,SAVE10,Email,466.42
200801,03-05-2023,97593,Printer,4,595.62,738,Debit Card,Pending,58443593,8,FREESHIP,Facebook,2382.48
200864,03-05-2023,14240,Desk,1,491.11,592,Credit Card,Delivered,58095246,4,SAVE10,Facebook,491.11
200222,04-05-2023,43124,Chair,4,693.36,931,Online,Shipped,17293348,8,,Instagram,2773.44
200290,05-05-2023,24901,Chair,3,99.9,258,Cash,Delivered,14029489,8,FREESHIP,Facebook,299.7
200356,06-05-2023,26966,Printer,5,374.58,907,Gift Card,Cancelled,83889574,10,FREESHIP,Instagram,1872.9
201111,06-05-2023,24047,Monitor,4,234.45,362,Online,Cancelled,91338580,9,FREESHIP,Instagram,937.8
200020,08-05-2023,54829,Chair,5,62.51,587,Cash,Pending,16718651,9,WINTER15,Instagram,312.55
201076,08-05-2023,99116,Laptop,4,686.61,176,Cash,Shipped,52711973,6,,Referral,2746.44
200242,09-05-2023,94921,Printer,2,219.1,134,Online,Pending,97794327,4,SAVE10,Referral,438.2
200672,09-05-2023,14017,Phone,2,624.16,984,Debit Card,Shipped,71009446,2,SAVE10,Instagram,1248.32
201124,09-05-2023,33744,Chair,4,576.87,888,Gift Card,Returned,40245983,5,,Instagram,2307.48
200069,11-05-2023,43338,Monitor,3,478.65,552,Online,Shipped,35241775,4,,Referral,1435.95
200301,11-05-2023,31105,Chair,1,583.99,726,Cash,Cancelled,40149095,2,SAVE10,Email,583.99
200007,12-05-2023,41460,Monitor,5,149.55,706,Cash,Shipped,78809193,9,FREESHIP,Facebook,747.75
200958,13-05-2023,82685,Desk,3,158.66,537,Gift Card,Delivered,70184320,7,WINTER15,Email,475.98
200565,14-05-2023,62042,Tablet,5,307.98,214,Online,Pending,42605492,10,,Facebook,1539.9
200241,16-05-2023,20817,Chair,5,615.67,407,Online,Pending,44164590,6,SAVE10,Email,3078.35
200302,16-05-2023,29432,Chair,3,468.74,121,Cash,Pending,44142517,4,FREESHIP,Instagram,1406.22
200228,17-05-2023,57867,Chair,4,385.92,579,Credit Card,Cancelled,92055007,8,,Instagram,1543.68
200260,17-05-2023,12245,Monitor,2,407.79,153,Debit Card,Shipped,22000463,3,,Google,815.58
200903,17-05-2023,80868,Monitor,3,473.49,205,Credit Card,Pending,56186636,7,,Email,1420.47
200551,18-05-2023,23947,Laptop,1,120.98,353,Debit Card,Delivered,74812710,6,WINTER15,Email,120.98
200650,18-05-2023,74499,Desk,2,372.23,518,Gift Card,Delivered,93767278,7,SAVE10,Email,744.46
200975,18-05-2023,70529,Desk,1,105.92,974,Gift Card,Returned,82165408,6,SAVE10,Email,105.92
200232,19-05-2023,20731,Printer,4,444.44,610,Debit Card,Cancelled,75568437,8,WINTER15,Google,1777.76
200998,19-05-2023,90350,Phone,2,183.67,783,Debit Card,Cancelled,22824230,6,SAVE10,Google,367.34
200502,20-05-2023,69332,Monitor,3,565.25,745,Debit Card,Returned,65718848,7,SAVE10,Email,1695.75
200056,21-05-2023,54298,Tablet,3,479.21,566,Cash,Cancelled,62902341,5,WINTER15,Referral,1437.63
201085,21-05-2023,28049,Printer,2,646.69,404,Debit Card,Shipped,91426444,7,WINTER15,Instagram,1293.38
200894,23-05-2023,90852,Tablet,3,575.01,852,Online,Cancelled,37551831,8,WINTER15,Instagram,1725.03
200827,25-05-2023,95856,Tablet,2,639.88,432,Cash,Delivered,58829625,5,WINTER15,Instagram,1279.76
200855,25-05-2023,41331,Monitor,5,240.61,785,Credit Card,Shipped,94198179,10,FREESHIP,Email,1203.05
200070,26-05-2023,25123,Desk,1,629.21,384,Gift Card,Pending,27812282,2,FREESHIP,Instagram,629.21
200463,26-05-2023,25276,Laptop,5,662.78,214,Debit Card,Shipped,14011732,9,SAVE10,Instagram,3313.9
200600,26-05-2023,87051,Printer,1,72.31,460,Gift Card,Cancelled,82056333,1,FREESHIP,Facebook,72.31
200167,27-05-2023,88304,Chair,2,384.14,219,Online,Returned,44268941,2,WINTER15,Email,768.28
200435,27-05-2023,48601,Printer,1,414.47,101,Debit Card,Returned,97868309,3,FREESHIP,Instagram,414.47
200820,27-05-2023,35377,Phone,5,623.81,171,Cash,Returned,17342157,6,FREESHIP,Email,3119.05
201121,28-05-2023,98354,Phone,3,50.34,393,Gift Card,Returned,43070888,3,FREESHIP,Instagram,151.02
200337,29-05-2023,77763,Tablet,3,502.77,599,Debit Card,Returned,66980447,8,WINTER15,Email,1508.31
200810,31-05-2023,23637,Tablet,1,553.56,644,Credit Card,Cancelled,16749863,5,,Referral,553.56
200979,31-05-2023,75018,Monitor,3,669.06,299,Cash,Delivered,51794806,7,SAVE10,Facebook,2007.18
200878,01-06-2023,73873,Desk,2,330.69,393,Online,Cancelled,56423132,5,SAVE10,Google,661.38
200612,02-06-2023,51811,Chair,3,445.12,339,Gift Card,Cancelled,82377939,8,,Google,1335.36
200761,02-06-2023,37235,Desk,4,37.76,217,Debit Card,Delivered,67789367,7,,Google,151.04
200350,03-06-2023,13296,Chair,2,54.41,495,Online,Shipped,60127216,6,,Instagram,108.82
200704,03-06-2023,96034,Desk,4,30.27,819,Online,Delivered,87261034,9,FREESHIP,Google,121.08
200270,04-06-2023,13540,Printer,4,309.91,127,Debit Card,Shipped,81087373,5,WINTER15,Google,1239.64
200579,04-06-2023,73999,Tablet,2,187.88,413,Online,Shipped,67919507,4,WINTER15,Facebook,375.76
200033,05-06-2023,52184,Chair,1,162.77,912,Online,Cancelled,73312471,4,WINTER15,Facebook,162.77
200422,05-06-2023,76140,Phone,4,206.6,914,Gift Card,Returned,25861469,6,WINTER15,Referral,826.4
201067,06-06-2023,78959,Phone,2,316.2,384,Online,Returned,37426359,2,,Instagram,632.4
200381,07-06-2023,29467,Chair,1,191.76,223,Credit Card,Returned,98103385,1,FREESHIP,Instagram,191.76
200430,07-06-2023,87448,Phone,1,450.07,433,Gift Card,Shipped,44134016,6,FREESHIP,Google,450.07
200575,07-06-2023,74005,Chair,5,448.15,528,Gift Card,Returned,61640534,7,SAVE10,Google,2240.75
201122,07-06-2023,38840,Monitor,5,678.19,766,Online,Returned,32496970,8,,Facebook,3390.95
200081,08-06-2023,29314,Monitor,2,394.3,496,Cash,Shipped,59876213,6,FREESHIP,Email,788.6
200359,09-06-2023,95643,Desk,4,606.57,303,Debit Card,Delivered,23286689,5,WINTER15,Referral,2426.28
201093,09-06-2023,86773,Phone,4,197.36,557,Gift Card,Returned,22612240,9,FREESHIP,Instagram,789.44
200259,11-06-2023,20977,Chair,4,435.12,636,Credit Card,Delivered,54991561,9,SAVE10,Instagram,1740.48
200505,11-06-2023,36014,Printer,2,434.97,558,Online,Shipped,97246526,7,,Email,869.94
201129,11-06-2023,43911,Chair,4,418.71,239,Cash,Pending,37495481,8,FREESHIP,Instagram,1674.84
201199,11-06-2023,57502,Tablet,4,560.58,201,Gift Card,Returned,51116746,6,SAVE10,Referral,2242.32
200587,12-06-2023,18820,Monitor,5,514.6,347,Gift Card,Delivered,91547425,10,FREESHIP,Instagram,2573
200596,12-06-2023,91805,Desk,3,606.41,653,Debit Card,Returned,34504030,7,FREESHIP,Facebook,1819.23
200654,12-06-2023,62661,Tablet,3,382.37,863,Debit Card,Returned,25748100,8,,Instagram,1147.11
200755,13-06-2023,54160,Desk,3,336.71,658,Credit Card,Pending,60515972,4,,Email,1010.13
200671,15-06-2023,49282,Chair,5,50.74,737,Gift Card,Cancelled,88653901,7,WINTER15,Google,253.7
200480,16-06-2023,21147,Chair,1,335.1,126,Debit Card,Pending,93171043,6,FREESHIP,Referral,335.1
200623,16-06-2023,91941,Printer,3,396,269,Gift Card,Cancelled,21330732,4,FREESHIP,Instagram,1188
200792,16-06-2023,41709,Desk,2,356.35,746,Debit Card,Returned,90995294,6,WINTER15,Facebook,712.7
201098,17-06-2023,91103,Monitor,4,255.86,155,Credit Card,Delivered,91653000,7,,Email,1023.44
200201,18-06-2023,10126,Monitor,2,674.9,146,Online,Shipped,75607531,4,SAVE10,Facebook,1349.8
200212,20-06-2023,53215,Monitor,1,265.38,367,Credit Card,Cancelled,34751835,6,WINTER15,Email,265.38
201000,21-06-2023,90132,Printer,5,260.93,582,Online,Delivered,52664903,9,SAVE10,Email,1304.65
200630,23-06-2023,51481,Monitor,5,248.84,140,Debit Card,Cancelled,33437701,10,,Instagram,1244.2
201047,23-06-2023,81726,Chair,4,540.34,394,Gift Card,Shipped,69872994,6,WINTER15,Referral,2161.36
200074,24-06-2023,25382,Phone,5,90.87,622,Cash,Pending,64691287,5,,Instagram,454.35
200456,26-06-2023,94479,Desk,5,62.81,259,Credit Card,Shipped,69089975,9,SAVE10,Facebook,314.05
200080,27-06-2023,29041,Phone,3,589.56,591,Online,Returned,28840655,6,,Facebook,1768.68
200362,27-06-2023,53697,Monitor,4,206.84,312,Cash,Cancelled,60476656,5,WINTER15,Instagram,827.36
200409,28-06-2023,45187,Desk,5,84.13,767,Online,Delivered,12320793,9,SAVE10,Google,420.65
201094,28-06-2023,66093,Printer,4,648.91,615,Credit Card,Shipped,54950785,6,SAVE10,Instagram,2595.64
200325,29-06-2023,53545,Desk,3,361.39,665,Credit Card,Shipped,61123177,8,,Referral,1084.17
200557,29-06-2023,56969,Tablet,1,56.2,130,Debit Card,Pending,40719215,1,WINTER15,Facebook,56.2
200031,30-06-2023,26445,Chair,3,500.08,996,Debit Card,Returned,31229981,6,,Facebook,1500.24
200599,30-06-2023,28740,Chair,3,556.99,123,Online,Cancelled,33642221,4,FREESHIP,Facebook,1670.97
200307,01-07-2023,92407,Laptop,3,557.41,135,Online,Delivered,11755610,4,,Email,1672.23
200248,02-07-2023,97187,Laptop,1,670.54,471,Cash,Shipped,62283713,6,FREESHIP,Referral,670.54
200696,02-07-2023,22429,Chair,4,151.2,965,Gift Card,Pending,38572927,9,WINTER15,Facebook,604.8
200189,05-07-2023,48939,Printer,5,429.45,597,Gift Card,Cancelled,62786764,5,WINTER15,Email,2147.25
200394,05-07-2023,70148,Desk,5,529.55,359,Gift Card,Shipped,34848650,10,,Facebook,2647.75
200507,05-07-2023,86481,Phone,1,171.59,546,Credit Card,Pending,87513944,5,WINTER15,Email,171.59
200123,06-07-2023,86064,Desk,3,278.04,727,Online,Delivered,62182901,5,,Instagram,834.12
200769,06-07-2023,13366,Printer,4,678.55,568,Cash,Delivered,98691410,5,,Email,2714.2
200629,07-07-2023,50137,Phone,3,19.73,840,Online,Pending,91836131,3,,Referral,59.19
200357,08-07-2023,74982,Laptop,5,408.56,398,Debit Card,Delivered,98700702,8,FREESHIP,Instagram,2042.8
201018,08-07-2023,77499,Laptop,3,182.48,209,Cash,Delivered,20703086,3,,Instagram,547.44
200313,09-07-2023,67687,Chair,2,434.3,978,Cash,Delivered,22838735,7,SAVE10,Instagram,868.6
200872,10-07-2023,59169,Chair,4,629.34,172,Cash,Shipped,90883858,7,,Email,2517.36
200354,11-07-2023,31772,Phone,1,693.41,992,Debit Card,Shipped,11970357,4,,Instagram,693.41
200240,12-07-2023,14983,Tablet,1,17.24,255,Online,Pending,93444157,2,FREESHIP,Instagram,17.24
200498,12-07-2023,73961,Tablet,4,132.56,306,Cash,Returned,32607173,8,WINTER15,Instagram,530.24
200938,12-07-2023,39017,Chair,3,331.46,696,Credit Card,Cancelled,91155214,6,WINTER15,Referral,994.38
201197,13-07-2023,79674,Tablet,2,436.84,275,Online,Delivered,88039356,2,FREESHIP,Instagram,873.68
200390,14-07-2023,55996,Printer,5,508.69,885,Cash,Delivered,30547638,10,FREESHIP,Google,2543.45
201165,14-07-2023,36992,Chair,3,223.79,617,Debit Card,Pending,63460217,3,,Google,671.37
200015,17-07-2023,39416,Printer,1,473.96,942,Cash,Delivered,54930938,3,,Google,473.96
200941,17-07-2023,91155,Printer,5,111.7,599,Credit Card,Cancelled,82162952,9,FREESHIP,Email,558.5
200220,18-07-2023,79506,Laptop,2,373.17,497,Credit Card,Pending,95188748,6,SAVE10,Referral,746.34
200416,18-07-2023,20881,Laptop,2,644.05,652,Gift Card,Cancelled,26263902,5,WINTER15,Referral,1288.1
200466,18-07-2023,37412,Phone,1,432.47,895,Cash,Delivered,97829604,4,FREESHIP,Referral,432.47
200047,19-07-2023,38134,Desk,2,209.94,323,Credit Card,Returned,42450754,3,FREESHIP,Email,419.88
200494,19-07-2023,64516,Laptop,3,505.79,459,Debit Card,Pending,63920573,3,FREESHIP,Referral,1517.37
201156,19-07-2023,20512,Laptop,4,690.78,980,Credit Card,Shipped,98234737,9,,Referral,2763.12
200154,20-07-2023,73587,Phone,4,408.21,727,Credit Card,Pending,13955543,9,,Instagram,1632.84
200247,20-07-2023,14600,Printer,2,220.9,785,Gift Card,Shipped,84984764,4,,Email,441.8
200193,21-07-2023,11644,Printer,1,46.66,429,Cash,Cancelled,81320339,6,,Google,46.66
200452,23-07-2023,36467,Printer,1,75.78,581,Cash,Pending,20863987,5,SAVE10,Google,75.78
200682,23-07-2023,50274,Monitor,3,509.42,449,Credit Card,Cancelled,91729086,5,FREESHIP,Google,1528.26
200759,24-07-2023,96283,Desk,3,308.01,366,Cash,Pending,91784124,3,FREESHIP,Facebook,924.03
200921,24-07-2023,90573,Tablet,1,438.93,144,Gift Card,Cancelled,90075720,3,SAVE10,Referral,438.93
200327,25-07-2023,17302,Phone,1,359.99,385,Gift Card,Cancelled,43940016,5,SAVE10,Email,359.99
200506,25-07-2023,23279,Monitor,2,43.67,696,Cash,Returned,58039693,4,WINTER15,Instagram,87.34
200289,26-07-2023,17136,Chair,4,160.49,333,Credit Card,Shipped,55362541,8,WINTER15,Referral,641.96
200162,27-07-2023,82313,Chair,3,65.86,917,Online,Pending,79854624,8,WINTER15,Google,197.58
200281,27-07-2023,87181,Desk,4,654.79,195,Cash,Pending,60093390,9,,Referral,2619.16
201181,27-07-2023,70246,Desk,3,158.74,293,Online,Pending,45708320,7,FREESHIP,Instagram,476.22
200785,29-07-2023,45862,Chair,1,176.1,342,Credit Card,Pending,53089983,1,SAVE10,Instagram,176.1
200050,31-07-2023,96494,Tablet,1,179.22,446,Online,Cancelled,14675049,6,FREESHIP,Instagram,179.22
201166,31-07-2023,95568,Chair,3,324.47,971,Cash,Delivered,37075292,4,WINTER15,Email,973.41
200485,01-08-2023,46651,Chair,3,404.79,764,Cash,Shipped,67679195,6,SAVE10,Instagram,1214.37
200593,02-08-2023,51024,Monitor,1,489.8,636,Gift Card,Shipped,31375086,4,FREESHIP,Facebook,489.8
200875,03-08-2023,25918,Laptop,5,133.39,203,Credit Card,Delivered,66473392,6,FREESHIP,Referral,666.95
201170,03-08-2023,94257,Printer,2,697.19,762,Cash,Returned,40220743,7,FREESHIP,Email,1394.38
200135,04-08-2023,79909,Printer,2,68.81,642,Gift Card,Shipped,86742257,5,SAVE10,Referral,137.62
200144,04-08-2023,63365,Desk,5,219.78,895,Credit Card,Pending,80100887,8,,Facebook,1098.9
200177,05-08-2023,55632,Chair,5,431.69,354,Credit Card,Pending,13003066,10,,Facebook,2158.45
200627,06-08-2023,53334,Chair,3,498.68,879,Online,Returned,31724421,4,FREESHIP,Email,1496.04
200541,07-08-2023,69009,Printer,5,456.06,879,Cash,Pending,61295842,10,,Instagram,2280.3
200321,09-08-2023,47086,Phone,4,152.29,135,Debit Card,Cancelled,44194358,6,WINTER15,Google,609.16
200127,10-08-2023,71486,Desk,3,469.32,365,Debit Card,Shipped,73929833,3,,Google,1407.96
200215,10-08-2023,26767,Printer,1,303.6,432,Cash,Shipped,24585307,5,FREESHIP,Facebook,303.6
200192,11-08-2023,58410,Desk,1,645.46,151,Gift Card,Cancelled,19749672,5,SAVE10,Google,645.46
200268,11-08-2023,37032,Phone,2,423.88,655,Debit Card,Delivered,48639226,7,SAVE10,Referral,847.76
200890,11-08-2023,51921,Laptop,3,439.53,943,Debit Card,Pending,85741716,5,,Google,1318.59
200407,13-08-2023,85993,Tablet,4,547.32,250,Cash,Returned,72547640,8,FREESHIP,Instagram,2189.28
201155,13-08-2023,41478,Printer,4,534.57,667,Credit Card,Delivered,62068126,6,FREESHIP,Facebook,2138.28
201176,13-08-2023,39260,Tablet,2,213.83,374,Debit Card,Cancelled,55587314,2,WINTER15,Email,427.66
200171,15-08-2023,20448,Tablet,2,148.22,336,Credit Card,Delivered,67379895,7,WINTER15,Instagram,296.44
200789,17-08-2023,57276,Tablet,5,691.28,183,Online,Delivered,75899752,10,SAVE10,Email,3456.4
201100,17-08-2023,15146,Laptop,5,38.11,428,Debit Card,Cancelled,79790530,6,WINTER15,Instagram,190.55
201128,17-08-2023,49198,Monitor,3,646.79,447,Cash,Cancelled,10883354,5,WINTER15,Google,1940.37
200040,20-08-2023,84766,Desk,2,344.02,267,Online,Delivered,78967923,4,FREESHIP,Instagram,688.04
200547,20-08-2023,40427,Phone,1,613.98,411,Online,Delivered,25392280,4,FREESHIP,Facebook,613.98
200585,20-08-2023,91486,Tablet,4,67.08,907,Cash,Returned,79617136,8,WINTER15,Google,268.32
200803,20-08-2023,88775,Monitor,5,397.81,223,Debit Card,Returned,45098068,5,SAVE10,Referral,1989.05
200858,20-08-2023,22167,Tablet,5,435.66,891,Online,Pending,70269748,9,,Facebook,2178.3
200945,20-08-2023,79722,Tablet,5,276.44,619,Gift Card,Shipped,29976438,10,FREESHIP,Referral,1382.2
200964,20-08-2023,18583,Phone,5,364.42,778,Credit Card,Cancelled,43084595,10,SAVE10,Referral,1822.1
201050,20-08-2023,70659,Laptop,5,69.7,722,Online,Returned,49663597,9,,Instagram,348.5
200776,21-08-2023,69168,Tablet,1,21.19,482,Cash,Returned,10446197,5,WINTER15,Google,21.19
201092,21-08-2023,38642,Laptop,5,209.2,930,Debit Card,Delivered,47744396,6,WINTER15,Email,1046
200062,22-08-2023,36497,Desk,2,43.15,691,Debit Card,Pending,12102911,3,WINTER15,Email,86.3
200083,22-08-2023,15681,Laptop,4,540.41,989,Credit Card,Cancelled,75112172,6,,Referral,2161.64
200553,23-08-2023,82550,Phone,2,333.83,828,Gift Card,Cancelled,74103758,4,FREESHIP,Referral,667.66
200786,23-08-2023,39130,Chair,5,45.31,774,Online,Cancelled,99583414,8,,Referral,226.55
201062,23-08-2023,13501,Chair,5,85.52,301,Gift Card,Cancelled,65149372,5,,Facebook,427.6
200376,24-08-2023,64549,Monitor,5,201.22,341,Debit Card,Pending,20788231,6,FREESHIP,Facebook,1006.1
200839,24-08-2023,82858,Chair,3,197.97,551,Online,Cancelled,90618490,5,,Google,593.91
200048,26-08-2023,12408,Monitor,2,80.77,464,Debit Card,Shipped,38938858,4,,Google,161.54
200433,26-08-2023,36613,Monitor,3,631.64,785,Credit Card,Returned,13282106,3,FREESHIP,Facebook,1894.92
200197,27-08-2023,80135,Laptop,5,221.51,723,Cash,Returned,95222269,5,WINTER15,Referral,1107.55
200680,27-08-2023,16702,Monitor,3,463.39,694,Credit Card,Returned,16953491,3,,Facebook,1390.17
200084,28-08-2023,64160,Monitor,2,165.49,967,Online,Shipped,34121529,4,WINTER15,Instagram,330.98
201171,28-08-2023,39911,Phone,4,518.4,699,Credit Card,Delivered,80431998,7,SAVE10,Facebook,2073.6
200209,29-08-2023,35854,Tablet,5,187.97,706,Cash,Returned,30615168,9,SAVE10,Google,939.85
200689,29-08-2023,13186,Tablet,2,444.84,787,Online,Shipped,56967415,7,,Facebook,889.68
200824,29-08-2023,18826,Monitor,3,481.1,664,Credit Card,Returned,12530495,3,FREESHIP,Facebook,1443.3
200013,30-08-2023,88348,Laptop,3,201.49,903,Credit Card,Returned,81913874,4,FREESHIP,Facebook,604.47
200352,31-08-2023,26637,Chair,5,173.96,995,Debit Card,Pending,59546992,8,WINTER15,Instagram,869.8
200503,31-08-2023,64554,Tablet,3,136.84,498,Online,Pending,95384568,4,FREESHIP,Facebook,410.52
200806,01-09-2023,55819,Chair,5,253.75,740,Online,Pending,13775054,9,WINTER15,Instagram,1268.75
201009,02-09-2023,54494,Tablet,2,176.46,696,Credit Card,Delivered,95958645,2,FREESHIP,Email,352.92
200432,04-09-2023,58443,Tablet,2,424.32,662,Credit Card,Returned,77163738,6,,Referral,848.64
200448,04-09-2023,16776,Laptop,2,160,854,Cash,Pending,12860600,4,SAVE10,Instagram,320
200768,04-09-2023,35987,Tablet,5,653.46,165,Cash,Cancelled,28918815,9,WINTER15,Email,3267.3
200204,05-09-2023,99775,Laptop,4,413.71,478,Gift Card,Cancelled,21638425,9,FREESHIP,Facebook,1654.84
200489,05-09-2023,11940,Tablet,3,149.34,589,Gift Card,Cancelled,85466461,7,WINTER15,Email,448.02
200142,06-09-2023,86374,Desk,5,272.77,573,Cash,Pending,79451491,7,WINTER15,Email,1363.85
200947,07-09-2023,85520,Phone,4,465.66,119,Online,Returned,65994177,9,FREESHIP,Email,1862.64
200106,08-09-2023,73514,Desk,3,465.05,126,Credit Card,Cancelled,96777924,3,SAVE10,Email,1395.15
200729,08-09-2023,36997,Phone,4,186.41,819,Gift Card,Pending,92794872,6,SAVE10,Google,745.64
201058,08-09-2023,32943,Desk,2,412.14,127,Credit Card,Returned,26949106,2,FREESHIP,Instagram,824.28
200590,10-09-2023,55757,Printer,2,461.13,175,Gift Card,Returned,27356242,4,,Email,922.26
201052,11-09-2023,12301,Tablet,1,531.74,493,Online,Shipped,25145796,1,WINTER15,Google,531.74
200687,13-09-2023,19742,Tablet,1,332.09,408,Gift Card,Returned,68845230,5,FREESHIP,Instagram,332.09
200109,17-09-2023,51157,Desk,3,592.87,131,Gift Card,Shipped,18674578,3,FREESHIP,Referral,1778.61
200090,18-09-2023,36540,Chair,4,182.08,611,Gift Card,Delivered,35828122,4,SAVE10,Email,728.32
200272,19-09-2023,29758,Chair,2,399.32,119,Online,Pending,12990043,6,WINTER15,Instagram,798.64
200720,21-09-2023,12740,Desk,5,128.95,305,Cash,Pending,98506513,10,FREESHIP,Instagram,644.75
200224,23-09-2023,18567,Printer,4,91.46,507,Cash,Cancelled,17554673,9,SAVE10,Referral,365.84
200625,24-09-2023,22123,Tablet,1,672.89,519,Credit Card,Pending,43250279,1,WINTER15,Email,672.89
201136,24-09-2023,71899,Tablet,3,668.33,799,Gift Card,Pending,34856025,4,WINTER15,Facebook,2004.99
200075,26-09-2023,80651,Tablet,3,398.17,917,Debit Card,Delivered,14846720,5,SAVE10,Email,1194.51
200974,27-09-2023,30722,Desk,5,266.78,274,Gift Card,Cancelled,52088168,5,,Email,1333.9
201184,27-09-2023,10222,Laptop,1,204.08,979,Gift Card,Returned,86297895,4,,Google,204.08
200397,28-09-2023,30184,Monitor,1,427.06,987,Online,Cancelled,86674704,1,WINTER15,Referral,427.06
200470,29-09-2023,25149,Tablet,4,263.62,672,Cash,Shipped,33538608,5,SAVE10,Email,1054.48
200942,29-09-2023,17591,Tablet,1,479.76,882,Credit Card,Pending,56070470,1,,Email,479.76
200552,30-09-2023,21665,Chair,4,425.18,560,Online,Returned,29890761,8,WINTER15,Facebook,1700.72
200316,02-10-2023,66078,Desk,4,275.28,101,Gift Card,Shipped,86474559,9,WINTER15,Facebook,1101.12
200601,02-10-2023,12479,Monitor,5,24.82,529,Credit Card,Shipped,73935314,10,,Referral,124.1
200694,02-10-2023,92049,Printer,4,666.52,619,Cash,Shipped,32287092,8,FREESHIP,Email,2666.08
201030,02-10-2023,61773,Phone,4,245.28,176,Credit Card,Delivered,12936357,6,WINTER15,Email,981.12
200309,03-10-2023,63153,Chair,4,549.76,625,Debit Card,Delivered,38033305,4,FREESHIP,Facebook,2199.04
200314,04-10-2023,29931,Desk,4,153.09,540,Online,Delivered,48712417,4,FREESHIP,Referral,612.36
200636,05-10-2023,60384,Laptop,4,371.07,336,Cash,Cancelled,92080037,7,WINTER15,Facebook,1484.28
200817,05-10-2023,87994,Chair,4,598.19,430,Credit Card,Delivered,98883971,7,WINTER15,Email,2392.76
200562,06-10-2023,76675,Laptop,3,663.93,922,Gift Card,Returned,28043915,6,FREESHIP,Email,1991.79
200765,06-10-2023,36150,Laptop,2,534.91,281,Debit Card,Returned,96249043,5,SAVE10,Google,1069.82
201082,06-10-2023,96595,Chair,3,573.22,177,Debit Card,Pending,59779174,5,SAVE10,Email,1719.66
200049,07-10-2023,11985,Printer,1,30.44,633,Credit Card,Shipped,53272402,1,SAVE10,Email,30.44
201188,07-10-2023,75619,Printer,2,371.29,924,Gift Card,Shipped,23086941,5,WINTER15,Facebook,742.58
200413,08-10-2023,13923,Tablet,1,118.8,123,Online,Delivered,87598790,6,SAVE10,Email,118.8
200845,08-10-2023,24212,Phone,3,107.36,808,Gift Card,Delivered,68894675,5,FREESHIP,Google,322.08
200118,09-10-2023,27898,Printer,5,502.71,807,Gift Card,Shipped,61957665,7,FREESHIP,Google,2513.55
200686,09-10-2023,41903,Desk,3,53.6,525,Cash,Pending,59112382,4,WINTER15,Facebook,160.8
201112,13-10-2023,76929,Desk,1,356.81,563,Online,Delivered,80694400,1,WINTER15,Instagram,356.81
200980,14-10-2023,84320,Chair,3,69.65,107,Cash,Delivered,81093218,7,WINTER15,Instagram,208.95
201116,14-10-2023,69149,Printer,2,531.49,562,Credit Card,Delivered,61265132,7,WINTER15,Facebook,1062.98
200003,15-10-2023,33540,Chair,1,273.19,275,Debit Card,Returned,62788070,5,SAVE10,Facebook,273.19
200421,15-10-2023,50683,Chair,2,288.21,769,Debit Card,Cancelled,53032122,5,,Email,576.42
200638,15-10-2023,66840,Tablet,4,578.27,547,Online,Delivered,76929637,9,WINTER15,Email,2313.08
200717,16-10-2023,50087,Chair,3,122.11,707,Online,Delivered,31143760,4,WINTER15,Email,366.33
200853,16-10-2023,10002,Printer,3,490.01,894,Cash,Returned,94641152,4,SAVE10,Facebook,1470.03
201125,16-10-2023,23555,Desk,4,408.36,156,Gift Card,Cancelled,67210247,4,FREESHIP,Referral,1633.44
201161,16-10-2023,32570,Phone,1,11.39,826,Cash,Cancelled,35969968,6,WINTER15,Email,11.39
201167,17-10-2023,17966,Printer,2,92.87,360,Credit Card,Pending,31169396,5,FREESHIP,Facebook,185.74
200446,18-10-2023,89592,Laptop,5,509.58,262,Online,Delivered,49442402,6,FREESHIP,Instagram,2547.9
200279,20-10-2023,69167,Chair,3,55.01,263,Online,Pending,12425655,7,WINTER15,Email,165.03
200434,22-10-2023,73893,Printer,5,327.68,384,Credit Card,Returned,85939879,6,,Facebook,1638.4
200621,22-10-2023,37455,Phone,5,476.01,146,Credit Card,Delivered,82685594,7,WINTER15,Google,2380.05
200005,23-10-2023,37249,Phone,2,245.86,934,Credit Card,Shipped,72976927,4,SAVE10,Instagram,491.72
201021,23-10-2023,74519,Phone,3,315.27,309,Credit Card,Cancelled,97351945,4,SAVE10,Email,945.81
201055,23-10-2023,10787,Monitor,4,274.82,932,Debit Card,Delivered,91512567,9,WINTER15,Email,1099.28
200417,24-10-2023,44492,Laptop,5,55.41,954,Online,Cancelled,51429869,5,,Google,277.05
200492,25-10-2023,39074,Laptop,5,606.52,103,Debit Card,Shipped,13027036,6,SAVE10,Instagram,3032.6
200524,25-10-2023,44778,Phone,1,153,103,Credit Card,Returned,92617366,4,,Referral,153
200886,25-10-2023,29620,Phone,1,460.13,792,Credit Card,Returned,22046456,1,,Google,460.13
200129,27-10-2023,52751,Laptop,4,263.93,427,Debit Card,Shipped,72481234,4,FREESHIP,Facebook,1055.72
200646,27-10-2023,98761,Chair,4,498.51,804,Debit Card,Shipped,43262630,4,SAVE10,Google,1994.04
200550,29-10-2023,97485,Laptop,4,228.91,573,Cash,Shipped,81794737,4,FREESHIP,Google,915.64
201065,30-10-2023,47778,Printer,5,666.8,488,Debit Card,Delivered,79504329,7,SAVE10,Referral,3334
200159,31-10-2023,48965,Printer,1,299.35,819,Credit Card,Cancelled,50921780,5,WINTER15,Email,299.35
200385,31-10-2023,56851,Chair,5,191.63,752,Gift Card,Delivered,65290904,6,FREESHIP,Facebook,958.15
200874,31-10-2023,92180,Chair,2,488.9,632,Cash,Delivered,93315929,7,FREESHIP,Facebook,977.8
201180,31-10-2023,42235,Chair,4,298.36,722,Debit Card,Pending,49379882,8,FREESHIP,Google,1193.44
200227,02-11-2023,93220,Monitor,2,365.17,353,Online,Cancelled,89023251,4,FREESHIP,Facebook,730.34
200788,02-11-2023,47307,Chair,2,601.43,761,Online,Pending,43516112,5,FREESHIP,Instagram,1202.86
200275,04-11-2023,80735,Chair,2,65.07,360,Credit Card,Cancelled,99880231,4,SAVE10,Google,130.14
200231,05-11-2023,30955,Phone,4,41.9,327,Gift Card,Pending,46898848,9,FREESHIP,Instagram,167.6
200811,05-11-2023,24769,Laptop,2,28.55,864,Gift Card,Shipped,44538305,7,SAVE10,Email,57.1
200338,08-11-2023,53627,Phone,5,305.49,704,Debit Card,Shipped,64112352,10,,Referral,1527.45
200895,09-11-2023,81882,Chair,3,154.64,832,Debit Card,Pending,62371264,6,WINTER15,Facebook,463.92
200949,09-11-2023,55778,Desk,5,110.38,319,Cash,Pending,93797108,10,,Referral,551.9
201152,09-11-2023,25162,Tablet,2,344.18,533,Credit Card,Shipped,42183078,7,,Referral,688.36
200572,11-11-2023,27438,Printer,1,70.32,341,Cash,Returned,69125497,4,WINTER15,Facebook,70.32
200891,11-11-2023,36534,Monitor,3,654.54,918,Cash,Returned,38952138,7,SAVE10,Referral,1963.62
201035,12-11-2023,70315,Laptop,4,506.11,911,Cash,Cancelled,97732085,5,,Referral,2024.44
200699,13-11-2023,36813,Laptop,3,614.15,897,Gift Card,Cancelled,84088900,3,,Facebook,1842.45
200542,14-11-2023,49726,Tablet,1,17.98,934,Cash,Cancelled,20739460,6,FREESHIP,Email,17.98
200580,14-11-2023,71076,Monitor,2,255.99,340,Credit Card,Delivered,65148292,4,SAVE10,Instagram,511.98
200474,15-11-2023,72293,Printer,3,229.34,398,Credit Card,Shipped,84378003,6,SAVE10,Referral,688.02
200644,15-11-2023,86524,Chair,2,366.23,961,Cash,Shipped,62490506,2,WINTER15,Email,732.46
201040,15-11-2023,13169,Tablet,1,536.07,932,Debit Card,Delivered,66288666,5,FREESHIP,Google,536.07
200141,18-11-2023,80004,Printer,3,684.14,151,Cash,Cancelled,66230753,3,WINTER15,Instagram,2052.42
200995,18-11-2023,99271,Monitor,2,113.29,959,Cash,Pending,87832736,5,SAVE10,Facebook,226.58
201186,18-11-2023,65497,Monitor,1,163.32,676,Cash,Shipped,83702761,6,WINTER15,Facebook,163.32
200990,19-11-2023,52313,Phone,2,418.26,913,Debit Card,Pending,67368559,2,SAVE10,Google,836.52
201194,19-11-2023,29885,Printer,3,189.44,725,Cash,Pending,62067865,4,FREESHIP,Email,568.32
200009,21-11-2023,31946,Desk,4,509.38,102,Credit Card,Shipped,33478363,6,SAVE10,Google,2037.52
200028,21-11-2023,59823,Phone,4,160.07,568,Online,Pending,65895539,5,,Email,640.28
200905,23-11-2023,67818,Laptop,1,442.39,101,Gift Card,Pending,81978113,6,FREESHIP,Facebook,442.39
200287,24-11-2023,70437,Chair,4,655.18,630,Online,Shipped,26628830,5,,Facebook,2620.72
200364,24-11-2023,85282,Phone,5,628.74,740,Cash,Cancelled,86767206,9,FREESHIP,Facebook,3143.7
200935,24-11-2023,39593,Phone,3,692.71,398,Credit Card,Delivered,62405253,3,FREESHIP,Instagram,2078.13
200101,25-11-2023,15283,Printer,1,381.02,152,Cash,Shipped,19286291,6,,Google,381.02
200269,25-11-2023,48942,Tablet,4,663.67,129,Credit Card,Pending,29355120,7,FREESHIP,Google,2654.68
200305,25-11-2023,63822,Laptop,4,126.89,235,Cash,Pending,59353216,9,FREESHIP,Instagram,507.56
200469,26-11-2023,13877,Chair,5,676.98,893,Cash,Cancelled,17254691,5,,Facebook,3384.9
200981,26-11-2023,12609,Phone,4,136.83,490,Debit Card,Pending,56379337,8,SAVE10,Email,547.32
200115,27-11-2023,32580,Phone,5,374.99,122,Online,Shipped,23670394,9,SAVE10,Facebook,1874.95
200997,27-11-2023,26210,Laptop,3,444.75,805,Cash,Delivered,40616861,6,SAVE10,Facebook,1334.25
201174,27-11-2023,50159,Printer,3,222.34,105,Credit Card,Returned,53737452,5,WINTER15,Email,667.02
201054,29-11-2023,42949,Printer,1,660.66,447,Debit Card,Delivered,46415143,3,WINTER15,Instagram,660.66
200121,30-11-2023,89822,Desk,1,410.78,673,Cash,Cancelled,24138598,1,FREESHIP,Instagram,410.78
200349,30-11-2023,39648,Chair,1,465.33,824,Gift Card,Delivered,56016905,2,FREESHIP,Google,465.33
201088,30-11-2023,49831,Desk,3,491.43,213,Gift Card,Shipped,21232601,6,WINTER15,Instagram,1474.29
200151,01-12-2023,32960,Printer,5,444.76,947,Debit Card,Returned,91226500,7,,Email,2223.8
200396,01-12-2023,99217,Tablet,5,287.13,778,Online,Shipped,82004594,10,SAVE10,Email,1435.65
200779,01-12-2023,18076,Phone,3,588.74,751,Debit Card,Pending,26661705,8,FREESHIP,Email,1766.22
200319,02-12-2023,53049,Laptop,2,563.06,413,Cash,Returned,48974907,6,,Instagram,1126.12
200862,02-12-2023,37969,Desk,3,120.82,799,Credit Card,Shipped,69852386,5,SAVE10,Referral,362.46
200525,03-12-2023,54499,Monitor,1,668.48,160,Debit Card,Shipped,18061555,1,SAVE10,Email,668.48
200733,04-12-2023,90757,Tablet,4,494.84,694,Cash,Returned,87991608,8,SAVE10,Email,1979.36
200041,05-12-2023,20212,Monitor,3,611.45,657,Gift Card,Pending,69733327,4,FREESHIP,Instagram,1834.35
200186,07-12-2023,30334,Phone,2,133.55,322,Cash,Pending,66388885,7,FREESHIP,Facebook,267.1
200345,07-12-2023,24751,Tablet,5,501.26,259,Gift Card,Shipped,37285406,10,FREESHIP,Referral,2506.3
201001,08-12-2023,31371,Printer,2,253.68,122,Gift Card,Shipped,19554327,6,,Referral,507.36
200723,09-12-2023,14455,Desk,3,54.95,385,Cash,Returned,50933724,8,SAVE10,Referral,164.85
200406,10-12-2023,11657,Tablet,4,66.1,572,Cash,Returned,50284486,9,WINTER15,Google,264.4
200068,11-12-2023,41598,Chair,3,490.92,709,Credit Card,Pending,81665940,5,FREESHIP,Email,1472.76
200308,11-12-2023,75888,Printer,3,448.9,790,Debit Card,Returned,98467398,7,SAVE10,Instagram,1346.7
200960,11-12-2023,87687,Laptop,3,379.07,312,Gift Card,Pending,60383805,3,WINTER15,Google,1137.21
200563,12-12-2023,12039,Laptop,1,132.68,844,Debit Card,Returned,68645763,1,SAVE10,Referral,132.68
200851,12-12-2023,80183,Laptop,1,365.57,146,Online,Cancelled,20814598,5,SAVE10,Email,365.57
200150,13-12-2023,25503,Phone,2,105.57,981,Debit Card,Returned,29878837,5,WINTER15,Google,211.14
200441,13-12-2023,52915,Printer,2,328.54,475,Gift Card,Returned,79466982,6,FREESHIP,Email,657.08
200635,13-12-2023,12818,Chair,3,63.68,434,Cash,Returned,40879983,6,,Facebook,191.04
201037,13-12-2023,32347,Printer,1,249.81,408,Cash,Pending,54073964,1,SAVE10,Google,249.81
200043,14-12-2023,60572,Chair,3,499.21,871,Online,Cancelled,20351666,8,,Instagram,1497.63
200230,16-12-2023,94595,Desk,4,61.91,948,Gift Card,Delivered,24497305,6,WINTER15,Email,247.64
200389,17-12-2023,29703,Desk,4,697.5,558,Cash,Shipped,40543461,7,FREESHIP,Referral,2790
200831,18-12-2023,20124,Printer,2,88.73,140,Online,Pending,61346824,5,,Google,177.46
201138,18-12-2023,13100,Desk,4,294.41,188,Debit Card,Pending,55565668,4,,Instagram,1177.64
200298,19-12-2023,19402,Printer,4,301.17,267,Online,Cancelled,97825212,6,,Email,1204.68
200545,19-12-2023,74138,Monitor,2,98.47,964,Cash,Returned,74091695,3,,Instagram,196.94
201066,20-12-2023,10791,Desk,1,355.09,674,Debit Card,Cancelled,20321248,5,SAVE10,Instagram,355.09
200138,21-12-2023,21905,Tablet,1,298.06,478,Debit Card,Pending,31863841,3,WINTER15,Google,298.06
200265,22-12-2023,20752,Printer,1,572.13,150,Debit Card,Cancelled,22298450,4,SAVE10,Google,572.13
200649,23-12-2023,45899,Monitor,2,642.98,153,Debit Card,Returned,32932093,7,FREESHIP,Email,1285.96
201086,23-12-2023,46967,Tablet,2,513.42,401,Online,Pending,91439791,5,WINTER15,Instagram,1026.84
200657,24-12-2023,19384,Tablet,4,87.79,532,Cash,Cancelled,33207064,6,FREESHIP,Instagram,351.16
200999,24-12-2023,61957,Printer,1,483.38,652,Cash,Pending,43983841,6,FREESHIP,Google,483.38
200254,26-12-2023,10866,Monitor,3,263.19,770,Online,Delivered,34809583,5,,Instagram,789.57
200149,27-12-2023,39671,Laptop,1,217.56,174,Debit Card,Delivered,47153818,3,,Facebook,217.56
200943,27-12-2023,43330,Monitor,3,193.49,355,Gift Card,Returned,71594838,6,FREESHIP,Facebook,580.47
200164,28-12-2023,70566,Desk,5,536.58,667,Gift Card,Pending,49673411,5,SAVE10,Google,2682.9
200388,28-12-2023,22657,Printer,3,633.97,152,Cash,Pending,49157047,7,WINTER15,Facebook,1901.91
201135,28-12-2023,11473,Printer,2,73.41,562,Online,Shipped,97793275,2,SAVE10,Google,146.82
200010,29-12-2023,43443,Tablet,5,625.97,333,Credit Card,Returned,98859248,9,WINTER15,Instagram,3129.85
200336,29-12-2023,88174,Laptop,1,18.2,441,Debit Card,Pending,10143345,4,SAVE10,Instagram,18.2
201016,29-12-2023,20257,Tablet,5,268.78,669,Debit Card,Delivered,62135578,7,WINTER15,Email,1343.9
200065,30-12-2023,97735,Monitor,5,81.7,385,Credit Card,Delivered,13743703,6,,Instagram,408.5
200804,01-01-2024,76362,Chair,3,236.5,916,Online,Delivered,11868618,8,FREESHIP,Email,709.5
200931,01-01-2024,14005,Printer,2,40.23,623,Credit Card,Cancelled,87567926,4,SAVE10,Google,80.46
200737,03-01-2024,91029,Phone,4,532.87,972,Cash,Pending,25501930,9,FREESHIP,Instagram,2131.48
200082,05-01-2024,65799,Tablet,4,565.2,971,Debit Card,Shipped,66906607,9,SAVE10,Google,2260.8
200548,05-01-2024,17103,Printer,3,426.12,922,Online,Delivered,64398650,5,WINTER15,Instagram,1278.36
200399,07-01-2024,64641,Tablet,5,423.93,319,Debit Card,Returned,32012588,5,FREESHIP,Facebook,2119.65
201105,08-01-2024,12487,Tablet,3,475.69,884,Gift Card,Cancelled,23324770,3,FREESHIP,Google,1427.07
201164,08-01-2024,65890,Tablet,5,315.57,340,Debit Card,Delivered,64530489,6,WINTER15,Email,1577.85
200674,09-01-2024,56928,Laptop,4,358.75,860,Gift Card,Delivered,57792939,9,SAVE10,Facebook,1435
200712,09-01-2024,56969,Tablet,2,68.4,993,Gift Card,Pending,10513339,7,FREESHIP,Email,136.8
200781,10-01-2024,43524,Phone,5,524.26,934,Gift Card,Delivered,51479426,5,FREESHIP,Referral,2621.3
200936,12-01-2024,50612,Chair,4,56.66,737,Online,Delivered,44140968,4,SAVE10,Instagram,226.64
200791,13-01-2024,49710,Chair,4,409.28,956,Cash,Pending,92591237,8,,Email,1637.12
200840,14-01-2024,60699,Chair,3,411.95,672,Credit Card,Delivered,88660574,7,FREESHIP,Referral,1235.85
200450,15-01-2024,36408,Monitor,5,615.1,160,Gift Card,Returned,94023253,10,WINTER15,Instagram,3075.5
200476,15-01-2024,77872,Phone,2,513.59,867,Online,Returned,19292184,4,FREESHIP,Referral,1027.18
200624,16-01-2024,25967,Tablet,5,341.96,747,Debit Card,Delivered,88559278,6,,Email,1709.8
200937,16-01-2024,39791,Chair,2,298.53,536,Debit Card,Cancelled,46221436,5,WINTER15,Email,597.06
200113,17-01-2024,65905,Laptop,5,190.08,605,Cash,Shipped,73954365,9,FREESHIP,Instagram,950.4
200410,18-01-2024,37375,Tablet,2,518.23,184,Debit Card,Shipped,52470162,5,,Email,1036.46
200656,18-01-2024,51404,Monitor,2,189.06,835,Gift Card,Shipped,85682500,7,SAVE10,Facebook,378.12
200299,20-01-2024,30711,Monitor,1,278.66,856,Gift Card,Cancelled,42696593,2,FREESHIP,Instagram,278.66
200719,21-01-2024,46920,Laptop,2,681.06,703,Debit Card,Shipped,86403837,3,FREESHIP,Facebook,1362.12
200912,22-01-2024,67604,Desk,2,139.69,318,Online,Returned,85545920,7,FREESHIP,Email,279.38
200734,23-01-2024,51898,Printer,4,224.61,630,Credit Card,Returned,19767885,6,WINTER15,Facebook,898.44
200860,23-01-2024,69542,Printer,1,422.54,876,Cash,Delivered,20746505,1,SAVE10,Google,422.54
200574,24-01-2024,29685,Chair,5,384.69,275,Credit Card,Pending,97733212,6,FREESHIP,Email,1923.45
200812,26-01-2024,81547,Phone,2,255.26,803,Credit Card,Cancelled,88437123,6,FREESHIP,Google,510.52
201015,26-01-2024,97454,Printer,2,349.4,892,Online,Shipped,73249329,2,SAVE10,Instagram,698.8
200540,29-01-2024,87281,Laptop,5,648.65,852,Online,Pending,81765057,7,,Referral,3243.25
201024,29-01-2024,90612,Chair,3,367.75,731,Cash,Pending,93022878,7,FREESHIP,Facebook,1103.25
200681,30-01-2024,38262,Tablet,1,155.27,548,Debit Card,Shipped,47300502,6,,Email,155.27
200378,01-02-2024,62666,Chair,5,64.5,148,Credit Card,Pending,91029390,8,WINTER15,Instagram,322.5
200347,03-02-2024,83556,Printer,4,264.79,380,Credit Card,Pending,21109187,5,SAVE10,Google,1059.16
200501,04-02-2024,88546,Desk,4,203.46,226,Credit Card,Pending,19867754,7,SAVE10,Referral,813.84
201014,04-02-2024,92548,Tablet,5,226.45,160,Debit Card,Returned,21682892,6,FREESHIP,Email,1132.25
200249,07-02-2024,39106,Printer,1,546.19,245,Cash,Pending,35464433,5,FREESHIP,Referral,546.19
200617,08-02-2024,57093,Tablet,3,184.47,834,Online,Cancelled,75469057,4,,Referral,553.41
200968,08-02-2024,67870,Monitor,4,412.2,664,Credit Card,Shipped,72602178,6,WINTER15,Referral,1648.8
200736,09-02-2024,59441,Monitor,5,418.53,696,Credit Card,Pending,66186874,6,FREESHIP,Google,2092.65
200045,10-02-2024,17388,Chair,1,317.25,157,Debit Card,Returned,47077395,1,SAVE10,Facebook,317.25
200770,11-02-2024,72166,Desk,1,314.38,227,Online,Returned,67733444,6,,Google,314.38
200808,13-02-2024,65565,Desk,3,134.05,192,Credit Card,Shipped,80383756,3,,Google,402.15
200915,16-02-2024,20643,Laptop,4,502.99,939,Debit Card,Shipped,30736692,4,WINTER15,Referral,2011.96
200011,17-02-2024,93861,Monitor,3,49.14,831,Online,Returned,48234646,7,SAVE10,Email,147.42
200802,17-02-2024,84331,Chair,5,644.64,205,Gift Card,Cancelled,34440714,6,FREESHIP,Email,3223.2
200582,19-02-2024,15228,Tablet,3,474.14,558,Gift Card,Shipped,33860620,8,WINTER15,Google,1422.42
200594,21-02-2024,40140,Phone,5,72.64,598,Credit Card,Cancelled,12671989,7,,Email,363.2
200816,21-02-2024,55286,Tablet,5,574.79,497,Credit Card,Pending,39058734,8,WINTER15,Referral,2873.95
200027,22-02-2024,97593,Printer,1,472.74,881,Online,Shipped,89117573,6,WINTER15,Google,472.74
200757,22-02-2024,81074,Desk,1,157.72,597,Debit Card,Delivered,91105190,2,FREESHIP,Google,157.72
200221,23-02-2024,93473,Tablet,5,639.37,552,Debit Card,Pending,50003989,6,SAVE10,Google,3196.85
201159,23-02-2024,66112,Desk,4,466.7,874,Debit Card,Returned,60955607,8,,Instagram,1866.8
200310,24-02-2024,85863,Printer,3,132.48,968,Online,Shipped,16094218,4,,Referral,397.44
200521,25-02-2024,82318,Phone,1,528.06,991,Credit Card,Shipped,37534165,2,,Facebook,528.06
200653,25-02-2024,59338,Printer,3,690.3,747,Credit Card,Shipped,12902764,6,WINTER15,Google,2070.9
201110,25-02-2024,12472,Chair,3,84.31,912,Credit Card,Shipped,36103184,3,SAVE10,Email,252.93
200258,26-02-2024,87764,Tablet,2,103.41,294,Online,Shipped,94082469,2,FREESHIP,Referral,206.82
200465,26-02-2024,58773,Printer,5,513.49,391,Gift Card,Cancelled,65438300,8,,Google,2567.45
200002,27-02-2024,81728,Tablet,5,550.68,512,Credit Card,Cancelled,42903982,8,FREESHIP,Email,2753.4
200640,27-02-2024,46509,Chair,2,587.49,647,Gift Card,Returned,24241664,6,SAVE10,Referral,1174.98
200392,28-02-2024,95100,Phone,1,627.2,197,Online,Delivered,47366265,1,WINTER15,Email,627.2
201192,28-02-2024,72007,Chair,3,432.85,999,Online,Pending,16240916,4,,Instagram,1298.55
200526,29-02-2024,91201,Desk,2,46.5,837,Cash,Returned,63526023,7,WINTER15,Google,93
200546,01-03-2024,82399,Monitor,1,158.68,928,Credit Card,Returned,77177284,6,WINTER15,Instagram,158.68
200626,01-03-2024,45671,Tablet,2,657.48,769,Online,Shipped,18179773,5,SAVE10,Referral,1314.96
200017,02-03-2024,60672,Tablet,1,423.4,382,Debit Card,Shipped,11972116,3,,Referral,423.4
200145,02-03-2024,85929,Printer,3,146.91,798,Credit Card,Delivered,29318610,6,FREESHIP,Google,440.73
201196,04-03-2024,20095,Monitor,2,662.53,778,Online,Cancelled,69207593,5,,Facebook,1325.06
200602,05-03-2024,35852,Tablet,4,26.04,982,Online,Pending,64660134,5,SAVE10,Instagram,104.16
200026,06-03-2024,21944,Laptop,5,59.55,296,Online,Delivered,80276812,6,,Referral,297.75
200688,06-03-2024,20077,Monitor,4,593.22,154,Credit Card,Cancelled,36415742,8,WINTER15,Facebook,2372.88
200614,08-03-2024,77363,Phone,1,96.81,807,Gift Card,Cancelled,12439827,3,,Referral,96.81
200543,09-03-2024,37531,Desk,5,269.86,354,Cash,Shipped,93877673,6,WINTER15,Facebook,1349.3
200544,10-03-2024,48713,Printer,5,31.96,373,Credit Card,Returned,96334419,5,FREESHIP,Referral,159.8
200764,10-03-2024,35983,Laptop,5,627.43,806,Credit Card,Cancelled,14016163,10,FREESHIP,Email,3137.15
200857,10-03-2024,56506,Phone,3,257.84,185,Online,Delivered,86808324,4,,Instagram,773.52
200963,11-03-2024,88075,Chair,5,530.34,970,Online,Shipped,42832976,9,FREESHIP,Google,2651.7
200832,12-03-2024,63372,Chair,5,485.71,903,Online,Pending,14661811,10,SAVE10,Referral,2428.55
200225,13-03-2024,99879,Phone,3,273.96,692,Debit Card,Returned,50246700,8,SAVE10,Google,821.88
200348,13-03-2024,24369,Laptop,3,359.73,885,Debit Card,Returned,72633998,7,FREESHIP,Email,1079.19
201187,13-03-2024,26340,Desk,2,184.6,562,Gift Card,Delivered,59962703,7,WINTER15,Email,369.2
200237,14-03-2024,88645,Monitor,3,583.72,783,Credit Card,Shipped,74097570,5,FREESHIP,Facebook,1751.16
200511,15-03-2024,11415,Monitor,5,575.24,267,Cash,Delivered,65061457,7,WINTER15,Email,2876.2
200787,17-03-2024,18167,Desk,4,221.96,193,Cash,Delivered,36841089,7,,Google,887.84
200869,17-03-2024,29905,Desk,2,533.95,790,Online,Delivered,16788127,5,WINTER15,Google,1067.9
200721,18-03-2024,46557,Desk,2,118.59,890,Credit Card,Delivered,56110689,2,,Email,237.18
200926,20-03-2024,67533,Desk,1,26.95,672,Cash,Delivered,14566395,1,WINTER15,Email,26.95
201007,20-03-2024,46651,Monitor,2,73.26,839,Cash,Pending,60444502,4,WINTER15,Facebook,146.52
200253,23-03-2024,14891,Chair,4,413.74,743,Gift Card,Returned,79471534,7,FREESHIP,Instagram,1654.96
200445,23-03-2024,94569,Phone,1,487.21,227,Cash,Delivered,31351770,3,SAVE10,Referral,487.21
200061,24-03-2024,61618,Desk,4,122.2,104,Cash,Delivered,43458485,7,FREESHIP,Facebook,488.8
200173,24-03-2024,95901,Phone,3,664.46,806,Online,Delivered,56989066,4,FREESHIP,Google,1993.38
200334,26-03-2024,90348,Chair,4,224.75,728,Online,Delivered,20635777,7,WINTER15,Facebook,899
200455,26-03-2024,58341,Phone,1,639.83,874,Debit Card,Pending,32856728,2,SAVE10,Referral,639.83
200835,26-03-2024,16429,Desk,1,679.65,390,Debit Card,Shipped,73888013,6,FREESHIP,Google,679.65
200620,27-03-2024,84834,Tablet,3,136.34,866,Debit Card,Returned,90136001,8,SAVE10,Referral,409.02
200161,29-03-2024,35091,Monitor,1,211.14,513,Credit Card,Cancelled,53784452,1,SAVE10,Facebook,211.14
200076,31-03-2024,58638,Laptop,4,382.88,239,Cash,Cancelled,38224871,6,WINTER15,Email,1531.52
200780,31-03-2024,41284,Laptop,4,184.48,661,Online,Cancelled,73613128,4,WINTER15,Google,737.92
200184,04-04-2024,65180,Tablet,4,214.54,231,Gift Card,Cancelled,39255469,7,,Referral,858.16
200976,04-04-2024,18984,Tablet,3,589.3,650,Credit Card,Returned,49298239,6,WINTER15,Referral,1767.9
200993,06-04-2024,61384,Monitor,3,267.45,576,Gift Card,Delivered,33323210,5,WINTER15,Instagram,802.35
201019,06-04-2024,28386,Desk,1,277.09,293,Cash,Returned,32954229,2,SAVE10,Referral,277.09
200169,07-04-2024,35785,Printer,1,427.82,732,Online,Delivered,78923089,2,WINTER15,Email,427.82
200358,07-04-2024,70633,Tablet,2,183.67,747,Online,Cancelled,82540521,3,SAVE10,Google,367.34
200447,07-04-2024,48207,Printer,2,416.81,356,Cash,Returned,45355655,2,,Facebook,833.62
200500,07-04-2024,79475,Laptop,5,508.59,169,Cash,Returned,42168516,8,WINTER15,Facebook,2542.95
200516,07-04-2024,47022,Monitor,3,166.99,208,Cash,Returned,28855040,8,,Facebook,500.97
200529,07-04-2024,21181,Tablet,2,675.1,938,Cash,Pending,50363421,4,FREESHIP,Google,1350.2
200885,07-04-2024,61090,Laptop,4,515.59,387,Credit Card,Shipped,36388962,7,FREESHIP,Google,2062.36
201109,08-04-2024,62277,Printer,4,77.47,474,Gift Card,Returned,32026174,7,SAVE10,Instagram,309.88
200517,09-04-2024,55205,Tablet,4,198.35,943,Cash,Cancelled,88141634,7,FREESHIP,Google,793.4
200809,09-04-2024,80416,Desk,5,217.43,752,Debit Card,Shipped,54385892,10,SAVE10,Instagram,1087.15
201133,09-04-2024,20670,Printer,2,467.91,432,Gift Card,Returned,76731303,5,WINTER15,Facebook,935.82
200339,10-04-2024,84563,Printer,2,236.33,398,Online,Pending,62422797,3,SAVE10,Instagram,472.66
200633,10-04-2024,79533,Laptop,5,601.72,921,Gift Card,Cancelled,54711422,5,WINTER15,Instagram,3008.6
200178,11-04-2024,53070,Chair,4,512.06,283,Online,Delivered,49791755,5,SAVE10,Google,2048.24
200834,11-04-2024,98483,Printer,5,22.14,456,Cash,Returned,22084320,10,,Instagram,110.7
200838,11-04-2024,57798,Desk,4,577.08,384,Online,Pending,68797566,8,,Facebook,2308.32
200956,11-04-2024,21191,Phone,2,160.98,381,Debit Card,Delivered,86246309,3,SAVE10,Referral,321.96
200959,13-04-2024,73996,Tablet,2,143.82,856,Credit Card,Returned,74579570,6,SAVE10,Instagram,287.64
200122,15-04-2024,96787,Laptop,2,533.02,588,Gift Card,Shipped,30422853,2,,Facebook,1066.04
200559,15-04-2024,22981,Desk,3,157.4,454,Debit Card,Cancelled,10115285,7,WINTER15,Email,472.2
200663,15-04-2024,59774,Monitor,1,72.6,941,Debit Card,Cancelled,87635135,6,FREESHIP,Instagram,72.6
200793,15-04-2024,91255,Chair,5,170.22,769,Debit Card,Delivered,69599961,8,,Referral,851.1
200174,16-04-2024,51145,Printer,4,600.81,790,Debit Card,Delivered,59154274,9,SAVE10,Email,2403.24
200206,16-04-2024,31072,Laptop,4,229.1,729,Gift Card,Returned,77172975,8,WINTER15,Email,916.4
200333,16-04-2024,87124,Phone,1,198.51,818,Credit Card,Returned,52086740,5,WINTER15,Instagram,198.51
200419,17-04-2024,70999,Tablet,2,216.66,885,Debit Card,Pending,75644156,6,FREESHIP,Instagram,433.32
200183,18-04-2024,39246,Monitor,5,186.28,258,Debit Card,Delivered,16658182,8,SAVE10,Email,931.4
200437,18-04-2024,63378,Phone,1,512.39,955,Online,Delivered,20863705,2,FREESHIP,Instagram,512.39
200566,18-04-2024,83223,Phone,4,162.71,167,Cash,Cancelled,54339083,7,FREESHIP,Email,650.84
200670,18-04-2024,14576,Desk,4,539.2,747,Credit Card,Pending,21637540,8,FREESHIP,Google,2156.8
200380,20-04-2024,35355,Printer,4,331.9,127,Cash,Pending,52935059,5,SAVE10,Instagram,1327.6
200522,20-04-2024,66254,Chair,1,515.32,740,Gift Card,Cancelled,82843861,1,FREESHIP,Email,515.32
200110,21-04-2024,74562,Tablet,1,220.77,388,Gift Card,Pending,32062079,5,FREESHIP,Instagram,220.77
200195,22-04-2024,63619,Chair,3,619.21,801,Debit Card,Cancelled,65385674,6,,Email,1857.63
201020,22-04-2024,50211,Tablet,2,26.5,312,Online,Delivered,47787981,3,SAVE10,Instagram,53
200257,23-04-2024,89732,Phone,1,406.22,712,Credit Card,Cancelled,41059233,5,SAVE10,Referral,406.22
200592,23-04-2024,42306,Phone,3,204.27,938,Online,Returned,15499648,4,,Google,612.81
201095,23-04-2024,33051,Phone,2,441.54,397,Online,Delivered,92929755,2,SAVE10,Email,883.08
200753,24-04-2024,42270,Phone,2,241.49,864,Debit Card,Returned,72697796,7,FREESHIP,Instagram,482.98
200367,25-04-2024,13108,Laptop,5,658.77,712,Gift Card,Pending,82284400,10,FREESHIP,Instagram,3293.85
200634,25-04-2024,66906,Printer,2,259.32,117,Gift Card,Delivered,31633755,2,WINTER15,Referral,518.64
200598,26-04-2024,60329,Desk,5,495.35,826,Credit Card,Pending,59069987,5,,Facebook,2476.75
200136,27-04-2024,73370,Laptop,1,44.35,595,Gift Card,Cancelled,67820278,1,SAVE10,Instagram,44.35
200901,28-04-2024,44277,Tablet,1,458.63,839,Debit Card,Returned,79321479,4,WINTER15,Referral,458.63
200996,28-04-2024,28648,Monitor,4,473.86,101,Debit Card,Delivered,92240846,7,SAVE10,Facebook,1895.44
200642,29-04-2024,15063,Chair,5,85.22,527,Credit Card,Cancelled,10329390,7,FREESHIP,Email,426.1
200946,04-05-2024,65021,Phone,2,404.96,546,Cash,Shipped,20626179,4,SAVE10,Email,809.92
200042,06-05-2024,28712,Printer,2,151.66,980,Cash,Cancelled,40772558,6,,Instagram,303.32
200442,06-05-2024,72588,Chair,5,314.94,661,Cash,Pending,43410829,8,SAVE10,Instagram,1574.7
201060,07-05-2024,38024,Tablet,2,273.43,824,Cash,Shipped,93370912,7,WINTER15,Referral,546.86
200928,09-05-2024,77166,Laptop,3,247.11,821,Debit Card,Returned,18896595,3,WINTER15,Referral,741.33
200991,09-05-2024,10211,Desk,5,127.18,598,Debit Card,Cancelled,68938335,10,FREESHIP,Google,635.9
200605,10-05-2024,49605,Monitor,2,228.91,892,Debit Card,Shipped,95620066,4,SAVE10,Referral,457.82
201074,10-05-2024,21437,Phone,1,222.73,120,Online,Returned,81624772,4,,Google,222.73
200291,12-05-2024,61521,Phone,2,345.01,670,Credit Card,Delivered,93676567,6,FREESHIP,Google,690.02
200873,12-05-2024,53488,Desk,3,136.84,448,Cash,Delivered,27365050,3,SAVE10,Facebook,410.52
200255,13-05-2024,47283,Monitor,1,263.96,806,Gift Card,Returned,56235117,2,SAVE10,Google,263.96
200443,14-05-2024,61668,Chair,2,69.64,813,Cash,Returned,58970302,6,,Facebook,139.28
200884,15-05-2024,71471,Chair,1,595.54,817,Gift Card,Shipped,52137079,4,,Instagram,595.54
200158,16-05-2024,23334,Tablet,1,331.06,737,Credit Card,Pending,46335144,5,WINTER15,Instagram,331.06
200871,16-05-2024,93768,Tablet,3,324.3,720,Debit Card,Pending,22024707,8,FREESHIP,Email,972.9
200053,18-05-2024,67551,Phone,4,488.78,512,Online,Returned,94992552,5,FREESHIP,Google,1955.12
200217,20-05-2024,61549,Desk,4,321.51,908,Cash,Returned,65596914,9,,Google,1286.04
200863,20-05-2024,98276,Phone,1,14.06,471,Credit Card,Pending,74207282,5,SAVE10,Referral,14.06
201117,20-05-2024,78684,Chair,3,588.44,858,Gift Card,Shipped,95779073,8,WINTER15,Google,1765.32
201027,21-05-2024,93467,Laptop,4,554.83,983,Cash,Returned,77377373,6,,Google,2219.32
200077,24-05-2024,50121,Phone,1,583.18,348,Credit Card,Returned,79810059,5,,Google,583.18
200363,24-05-2024,31668,Laptop,5,113.87,871,Credit Card,Pending,42584392,6,SAVE10,Email,569.35
200538,24-05-2024,61280,Phone,3,490.74,100,Cash,Shipped,95487711,3,WINTER15,Email,1472.22
201118,24-05-2024,58168,Phone,3,251.48,359,Credit Card,Returned,99102265,4,,Email,754.44
200867,26-05-2024,53252,Printer,4,142.58,351,Cash,Delivered,65831261,4,FREESHIP,Facebook,570.32
200909,27-05-2024,60203,Tablet,2,291.85,569,Cash,Shipped,76525279,5,FREESHIP,Instagram,583.7
200971,27-05-2024,32650,Monitor,2,605.26,934,Cash,Cancelled,66648743,4,WINTER15,Referral,1210.52
201006,27-05-2024,27435,Tablet,5,420.98,860,Cash,Delivered,91458233,7,SAVE10,Facebook,2104.9
200484,29-05-2024,29092,Chair,4,15.01,767,Cash,Cancelled,90455340,6,,Facebook,60.04
200576,29-05-2024,14457,Laptop,5,79.08,747,Cash,Pending,42517811,8,,Facebook,395.4
201157,29-05-2024,25841,Monitor,3,301.55,242,Debit Card,Delivered,21451375,5,FREESHIP,Google,904.65
200910,31-05-2024,36174,Printer,3,308.98,348,Cash,Delivered,26397548,3,SAVE10,Instagram,926.94
200950,31-05-2024,19722,Laptop,1,596.24,891,Credit Card,Returned,78094361,4,FREESHIP,Instagram,596.24
201036,31-05-2024,98278,Phone,3,413.83,552,Gift Card,Shipped,49684737,8,SAVE10,Facebook,1241.49
200096,01-06-2024,93007,Phone,2,232.83,103,Gift Card,Delivered,85696091,7,,Instagram,465.66
200330,02-06-2024,38068,Desk,5,260.53,532,Gift Card,Pending,54059198,5,SAVE10,Instagram,1302.65
200856,03-06-2024,94698,Phone,1,586.62,871,Debit Card,Shipped,95768773,5,,Facebook,586.62
201102,03-06-2024,98474,Chair,4,347.17,997,Debit Card,Shipped,86192984,8,,Instagram,1388.68
200892,04-06-2024,72043,Desk,1,394.53,480,Cash,Shipped,40896408,2,FREESHIP,Referral,394.53
200652,05-06-2024,71473,Chair,5,341.84,328,Online,Shipped,94857335,8,FREESHIP,Instagram,1709.2
200360,06-06-2024,53810,Phone,4,589.57,779,Cash,Pending,34630612,8,,Instagram,2358.28
200534,06-06-2024,73289,Chair,3,648.59,906,Debit Card,Cancelled,70872738,4,SAVE10,Email,1945.77
200306,07-06-2024,70495,Printer,2,57.07,238,Debit Card,Returned,65511225,3,SAVE10,Instagram,114.14
200731,07-06-2024,71310,Printer,5,584.46,308,Credit Card,Returned,48292586,8,,Email,2922.3
200194,08-06-2024,53501,Monitor,1,249.57,899,Cash,Shipped,90144892,3,FREESHIP,Google,249.57
200266,08-06-2024,38840,Chair,4,583.07,589,Credit Card,Cancelled,48484633,6,FREESHIP,Referral,2332.28
200444,08-06-2024,79508,Printer,1,135.17,585,Online,Shipped,61882353,6,FREESHIP,Instagram,135.17
200461,08-06-2024,29697,Tablet,1,401.82,407,Credit Card,Shipped,47776482,5,FREESHIP,Google,401.82
201134,08-06-2024,90993,Desk,4,38.28,950,Debit Card,Cancelled,53964711,4,WINTER15,Facebook,153.12
200536,09-06-2024,18724,Chair,1,616.1,124,Cash,Returned,52508861,6,,Email,616.1
200702,09-06-2024,33315,Printer,3,562.55,154,Debit Card,Returned,43589369,6,,Email,1687.65
200876,09-06-2024,90363,Chair,5,608.91,200,Gift Card,Pending,21534173,6,SAVE10,Google,3044.55
200972,09-06-2024,66438,Laptop,1,90.27,816,Cash,Delivered,32035271,5,SAVE10,Facebook,90.27
200092,10-06-2024,29568,Printer,4,48.61,203,Online,Shipped,46531075,7,FREESHIP,Facebook,194.44
200198,11-06-2024,37594,Laptop,4,340.3,926,Cash,Cancelled,94405162,8,SAVE10,Referral,1361.2
201163,11-06-2024,30643,Laptop,3,306.29,966,Credit Card,Returned,19477485,7,WINTER15,Instagram,918.87
200744,12-06-2024,10642,Tablet,2,461.37,200,Cash,Delivered,98725693,5,SAVE10,Google,922.74
200771,12-06-2024,20357,Phone,3,692.44,272,Debit Card,Cancelled,82236408,8,FREESHIP,Google,2077.32
200143,13-06-2024,66521,Chair,4,400.07,933,Online,Shipped,34654244,5,,Referral,1600.28
200324,13-06-2024,13525,Tablet,3,70.93,847,Debit Card,Returned,70193221,5,,Referral,212.79
200716,13-06-2024,84115,Chair,3,454.29,891,Credit Card,Pending,25466842,4,WINTER15,Google,1362.87
200739,13-06-2024,35123,Phone,4,386.73,513,Cash,Delivered,58979275,4,SAVE10,Facebook,1546.92
200322,14-06-2024,48646,Phone,5,231.82,339,Debit Card,Delivered,18233748,6,SAVE10,Facebook,1159.1
201056,14-06-2024,26152,Phone,2,486.35,790,Online,Pending,49382455,6,SAVE10,Referral,972.7
200610,16-06-2024,60361,Desk,5,389.62,623,Cash,Returned,83566924,7,FREESHIP,Facebook,1948.1
201034,16-06-2024,84524,Printer,4,517.98,766,Cash,Cancelled,76751888,8,FREESHIP,Facebook,2071.92
200922,17-06-2024,81857,Desk,2,563.82,487,Credit Card,Pending,79737732,3,,Instagram,1127.64
200086,19-06-2024,88205,Printer,5,643.03,447,Online,Cancelled,93504166,5,FREESHIP,Referral,3215.15
200296,19-06-2024,48453,Desk,5,638.8,434,Debit Card,Cancelled,52110494,10,WINTER15,Referral,3194
200411,19-06-2024,66567,Desk,2,39.51,981,Online,Shipped,21174822,5,,Facebook,79.02
201063,19-06-2024,42108,Desk,2,320.68,336,Credit Card,Shipped,58407918,5,FREESHIP,Referral,641.36
201079,20-06-2024,89979,Phone,5,634,144,Gift Card,Delivered,99055909,8,,Email,3170
201195,20-06-2024,21126,Desk,1,107.04,392,Credit Card,Cancelled,38009181,6,FREESHIP,Google,107.04
200916,21-06-2024,35669,Printer,5,578.83,165,Cash,Returned,13928455,6,,Referral,2894.15
200948,21-06-2024,94569,Phone,2,594.07,739,Gift Card,Cancelled,79269291,2,,Google,1188.14
200701,23-06-2024,75456,Monitor,3,92.22,115,Credit Card,Delivered,90519490,5,FREESHIP,Email,276.66
201140,24-06-2024,49838,Printer,2,552.83,904,Credit Card,Cancelled,38297718,3,,Referral,1105.66
200978,25-06-2024,41508,Printer,4,107.49,993,Cash,Delivered,61047536,5,,Google,429.96
201148,25-06-2024,54886,Phone,1,355.15,442,Cash,Returned,66241930,2,SAVE10,Email,355.15
200046,26-06-2024,43212,Monitor,4,550.14,223,Debit Card,Pending,25100762,4,FREESHIP,Instagram,2200.56
200387,27-06-2024,25316,Printer,2,39.53,904,Credit Card,Shipped,55423551,3,WINTER15,Google,79.06
200756,27-06-2024,14080,Phone,1,283.69,202,Gift Card,Shipped,93163682,6,,Google,283.69
200994,27-06-2024,27613,Tablet,4,615.65,971,Debit Card,Delivered,63701318,9,WINTER15,Google,2462.6
200735,28-06-2024,94508,Monitor,4,44.07,359,Debit Card,Pending,13443264,6,,Email,176.28
200361,29-06-2024,53464,Printer,5,659.85,197,Credit Card,Delivered,32743531,9,SAVE10,Facebook,3299.25
200868,29-06-2024,70452,Monitor,4,316.32,309,Debit Card,Delivered,42985882,7,,Facebook,1265.28
200641,30-06-2024,71680,Printer,4,567.57,814,Debit Card,Pending,47386650,9,WINTER15,Google,2270.28
200326,01-07-2024,65986,Laptop,5,670.48,273,Gift Card,Returned,98353867,5,SAVE10,Facebook,3352.4
200458,02-07-2024,31412,Monitor,4,510.58,196,Credit Card,Returned,61946127,7,WINTER15,Email,2042.32
200531,02-07-2024,64502,Desk,5,320.01,722,Gift Card,Delivered,14914388,6,,Referral,1600.05
200332,03-07-2024,26163,Desk,5,125.02,607,Debit Card,Pending,67499316,9,SAVE10,Google,625.1
200711,04-07-2024,61070,Tablet,2,475.78,632,Online,Shipped,90764894,2,WINTER15,Google,951.56
200846,04-07-2024,24765,Desk,2,359.86,646,Debit Card,Cancelled,43977698,4,,Referral,719.72
200668,05-07-2024,61257,Monitor,2,253.67,981,Cash,Returned,25226070,3,WINTER15,Facebook,507.34
201185,08-07-2024,77344,Chair,1,343.31,777,Gift Card,Returned,20605055,6,SAVE10,Google,343.31
201083,09-07-2024,68508,Chair,1,123.28,895,Credit Card,Delivered,98960285,3,SAVE10,Email,123.28
200690,12-07-2024,29318,Monitor,1,24.48,128,Gift Card,Returned,88666721,1,,Instagram,24.48
200902,13-07-2024,61162,Monitor,4,180.25,813,Debit Card,Cancelled,76712124,7,,Facebook,721
200393,14-07-2024,39906,Printer,1,75.01,921,Credit Card,Returned,24632134,3,,Google,75.01
200748,15-07-2024,56553,Tablet,3,70.81,249,Credit Card,Shipped,37667360,8,FREESHIP,Referral,212.43
200558,16-07-2024,76766,Phone,4,628.12,485,Online,Delivered,32052962,6,WINTER15,Instagram,2512.48
200619,16-07-2024,38845,Laptop,1,532.89,764,Gift Card,Pending,47637374,2,,Referral,532.89
200530,18-07-2024,98450,Chair,4,89.41,613,Online,Pending,14809530,9,,Google,357.64
201049,18-07-2024,60575,Desk,5,391.86,587,Credit Card,Shipped,44468232,6,,Instagram,1959.3
201131,18-07-2024,21043,Phone,1,694.5,195,Credit Card,Pending,41691086,3,WINTER15,Facebook,694.5
200423,20-07-2024,94311,Printer,4,685.2,195,Gift Card,Cancelled,97308771,6,WINTER15,Google,2740.8
200740,20-07-2024,10892,Desk,2,377.47,433,Cash,Pending,76154554,7,,Google,754.94
200985,20-07-2024,92788,Desk,1,243.71,948,Gift Card,Delivered,83835361,6,SAVE10,Google,243.71
200377,22-07-2024,24884,Monitor,1,260.26,625,Online,Pending,44538419,5,WINTER15,Instagram,260.26
200490,22-07-2024,50097,Chair,5,467.81,539,Online,Cancelled,62785150,10,,Facebook,2339.05
200710,22-07-2024,48790,Laptop,5,21.54,113,Gift Card,Returned,19086608,10,,Google,107.7
200951,22-07-2024,74928,Printer,2,306.24,589,Online,Returned,39845914,4,FREESHIP,Email,612.48
201126,22-07-2024,34337,Phone,5,190.11,325,Cash,Delivered,36195559,7,SAVE10,Google,950.55
200888,23-07-2024,14427,Laptop,2,266.95,833,Credit Card,Pending,58024529,3,,Instagram,533.9
200025,24-07-2024,42577,Monitor,1,399.98,709,Debit Card,Delivered,69423327,3,WINTER15,Email,399.98
200459,24-07-2024,90142,Desk,1,334.39,433,Credit Card,Returned,39717191,2,,Instagram,334.39
200535,24-07-2024,48649,Monitor,3,68.12,332,Online,Cancelled,45821445,3,FREESHIP,Email,204.36
200608,24-07-2024,32956,Laptop,5,543.16,788,Online,Cancelled,73140103,6,SAVE10,Instagram,2715.8
200828,24-07-2024,86266,Chair,4,404.58,510,Cash,Shipped,64576020,5,FREESHIP,Instagram,1618.32
200877,25-07-2024,43867,Tablet,1,524.06,269,Debit Card,Pending,97319127,3,FREESHIP,Email,524.06
201104,25-07-2024,17075,Tablet,4,314.76,850,Online,Shipped,63547510,8,,Instagram,1259.04
201149,25-07-2024,27305,Chair,2,695.29,957,Credit Card,Pending,28789916,6,FREESHIP,Instagram,1390.58
200715,26-07-2024,68266,Printer,3,653.63,281,Online,Delivered,96161062,7,FREESHIP,Email,1960.89
200866,26-07-2024,39664,Desk,5,189.25,693,Debit Card,Cancelled,39917741,10,WINTER15,Email,946.25
200318,27-07-2024,93375,Chair,3,148.72,317,Debit Card,Cancelled,95706967,7,SAVE10,Google,446.16
200124,28-07-2024,97148,Printer,4,283.79,563,Online,Pending,85321126,8,,Google,1135.16
200772,28-07-2024,33802,Monitor,1,604.87,461,Online,Delivered,25799478,4,,Instagram,604.87
200728,29-07-2024,10154,Desk,4,325.76,827,Gift Card,Shipped,79793300,8,WINTER15,Email,1303.04
201137,29-07-2024,48577,Printer,4,410.21,841,Cash,Pending,59911645,5,WINTER15,Instagram,1640.84
200104,30-07-2024,65744,Phone,1,582.04,647,Gift Card,Delivered,39906058,1,FREESHIP,Email,582.04
200264,03-08-2024,71035,Tablet,1,436.77,977,Cash,Returned,19599578,5,FREESHIP,Google,436.77
201068,03-08-2024,29914,Laptop,1,133.39,469,Debit Card,Shipped,22073506,2,SAVE10,Referral,133.39
200815,04-08-2024,41320,Printer,3,569.84,920,Gift Card,Cancelled,77539180,8,WINTER15,Instagram,1709.52
200907,04-08-2024,90898,Desk,5,298.39,583,Gift Card,Cancelled,52935170,7,WINTER15,Referral,1491.95
200078,06-08-2024,32029,Printer,4,175.36,146,Debit Card,Delivered,68535532,4,FREESHIP,Instagram,701.44
200675,06-08-2024,97749,Desk,3,342.02,906,Debit Card,Pending,90233116,5,,Email,1026.06
200782,11-08-2024,58063,Monitor,2,493.63,167,Online,Returned,50548869,6,SAVE10,Referral,987.26
200911,13-08-2024,80872,Desk,5,396.86,593,Cash,Cancelled,43967487,9,SAVE10,Instagram,1984.3
201189,17-08-2024,96136,Tablet,5,389.22,149,Cash,Cancelled,60856682,7,,Referral,1946.1
200527,19-08-2024,27202,Chair,5,653.47,967,Credit Card,Cancelled,75406128,10,SAVE10,Referral,3267.35
200060,21-08-2024,39256,Desk,1,417.1,634,Debit Card,Returned,23412025,3,FREESHIP,Referral,417.1
200214,21-08-2024,29483,Desk,4,305.72,673,Online,Delivered,89423603,5,,Facebook,1222.88
201198,22-08-2024,64753,Chair,4,262.52,509,Debit Card,Cancelled,71683331,4,WINTER15,Instagram,1050.08
200001,23-08-2024,75739,Phone,2,151.35,823,Online,Shipped,91186779,3,SAVE10,Referral,302.7
201142,23-08-2024,23405,Phone,4,695.1,484,Debit Card,Returned,83678708,8,,Email,2780.4
200233,24-08-2024,30168,Phone,3,311.33,146,Cash,Cancelled,73699939,3,WINTER15,Instagram,933.99
201017,25-08-2024,51694,Chair,2,680.85,953,Gift Card,Delivered,83122112,6,FREESHIP,Referral,1361.7
200449,26-08-2024,91518,Tablet,3,253.05,286,Online,Pending,48688724,3,,Instagram,759.15
200643,26-08-2024,77122,Laptop,1,438.37,647,Cash,Cancelled,75814880,4,SAVE10,Referral,438.37
200992,27-08-2024,97907,Printer,3,586.21,933,Gift Card,Pending,89637569,4,WINTER15,Referral,1758.63
200859,28-08-2024,11127,Chair,5,261.33,154,Credit Card,Returned,73285507,5,SAVE10,Referral,1306.65
200246,30-08-2024,55354,Desk,2,342.11,164,Gift Card,Shipped,15439493,2,WINTER15,Instagram,684.22
200467,30-08-2024,36492,Desk,1,45.94,572,Cash,Cancelled,44350440,2,WINTER15,Email,45.94
200181,31-08-2024,38966,Printer,5,404.39,247,Online,Shipped,17205146,10,,Referral,2021.95
200190,31-08-2024,35483,Printer,3,223.7,725,Cash,Returned,79638203,3,SAVE10,Email,671.1
200631,31-08-2024,99128,Chair,3,46.11,360,Gift Card,Returned,32426808,5,WINTER15,Referral,138.33
200666,31-08-2024,35711,Monitor,4,327.12,788,Credit Card,Cancelled,45281495,4,,Email,1308.48
201075,31-08-2024,40949,Monitor,2,552.63,609,Debit Card,Delivered,43066749,7,WINTER15,Instagram,1105.26
200300,02-09-2024,39000,Phone,1,287.46,894,Debit Card,Returned,33753945,3,FREESHIP,Facebook,287.46
200618,03-09-2024,50565,Tablet,1,411.34,399,Debit Card,Returned,97981418,5,,Instagram,411.34
200897,03-09-2024,87995,Laptop,4,481.48,358,Gift Card,Delivered,38730545,5,SAVE10,Instagram,1925.92
200906,03-09-2024,49938,Monitor,1,62.12,141,Cash,Returned,80175572,2,,Email,62.12
200398,04-09-2024,50275,Phone,5,53.93,729,Gift Card,Shipped,98925264,7,SAVE10,Instagram,269.65
201160,04-09-2024,40466,Desk,1,541.64,449,Debit Card,Shipped,70255168,5,SAVE10,Email,541.64
200962,06-09-2024,12459,Phone,2,142.08,838,Gift Card,Delivered,30674085,4,SAVE10,Referral,284.16
200982,06-09-2024,64935,Monitor,1,304.11,707,Gift Card,Shipped,42969065,2,SAVE10,Referral,304.11
201070,06-09-2024,46873,Desk,4,491.29,496,Debit Card,Pending,10926575,6,,Email,1965.16
200970,07-09-2024,72664,Desk,1,627.15,241,Cash,Delivered,86694331,5,SAVE10,Instagram,627.15
200986,07-09-2024,69213,Laptop,4,644.96,533,Credit Card,Pending,67837331,7,FREESHIP,Email,2579.84
200052,08-09-2024,30513,Tablet,1,586.44,232,Online,Returned,64320429,5,SAVE10,Facebook,586.44
200439,08-09-2024,91155,Tablet,1,146.32,321,Online,Shipped,36260319,4,WINTER15,Facebook,146.32
201178,08-09-2024,65107,Monitor,1,70.24,456,Credit Card,Cancelled,10261578,4,FREESHIP,Google,70.24
200085,09-09-2024,14553,Tablet,3,146.73,768,Cash,Delivered,93538334,8,FREESHIP,Email,440.19
200277,09-09-2024,11210,Chair,5,90.92,910,Credit Card,Delivered,44929965,9,SAVE10,Facebook,454.6
201048,09-09-2024,57601,Monitor,4,73.65,889,Debit Card,Shipped,21153699,9,,Google,294.6
201175,10-09-2024,62512,Printer,3,91.74,368,Debit Card,Returned,24139954,8,FREESHIP,Referral,275.22
200059,11-09-2024,97603,Chair,4,593.27,811,Online,Shipped,47055028,5,,Facebook,2373.08
200223,11-09-2024,22783,Phone,4,692.91,673,Credit Card,Pending,55009149,9,SAVE10,Instagram,2771.64
200165,14-09-2024,60355,Monitor,2,500.29,226,Online,Returned,30155194,7,WINTER15,Google,1000.58
200790,14-09-2024,38928,Laptop,4,417.89,302,Gift Card,Pending,96636009,4,,Google,1671.56
201053,15-09-2024,32798,Phone,2,496.62,679,Online,Pending,37375451,2,SAVE10,Instagram,993.24
200374,16-09-2024,20286,Monitor,1,571.9,129,Gift Card,Pending,67648338,1,WINTER15,Instagram,571.9
200762,17-09-2024,12444,Phone,3,76.96,611,Cash,Returned,97621403,8,FREESHIP,Email,230.88
200841,19-09-2024,94658,Printer,2,443.22,742,Credit Card,Delivered,51732528,5,,Facebook,886.44
201099,19-09-2024,21953,Laptop,2,125.23,272,Cash,Cancelled,60774796,3,FREESHIP,Email,250.46
200029,20-09-2024,33260,Desk,3,423.53,930,Credit Card,Delivered,59744090,6,SAVE10,Referral,1270.59
200252,20-09-2024,19648,Phone,4,668.36,821,Gift Card,Cancelled,51297879,5,FREESHIP,Facebook,2673.44
201045,20-09-2024,11893,Laptop,5,316.4,671,Gift Card,Returned,72012758,7,,Email,1582
200379,21-09-2024,47284,Phone,3,297.67,500,Online,Shipped,85756094,6,,Google,893.01
200684,22-09-2024,96583,Printer,4,34.84,288,Credit Card,Shipped,64353241,8,,Email,139.36
201059,22-09-2024,73629,Desk,1,265.64,601,Credit Card,Returned,11492924,3,WINTER15,Instagram,265.64
200341,23-09-2024,94671,Tablet,1,167.15,293,Gift Card,Shipped,61357272,5,WINTER15,Email,167.15
201023,23-09-2024,65251,Laptop,5,233.67,291,Cash,Shipped,32059025,10,,Referral,1168.35
201057,24-09-2024,46210,Laptop,3,428.88,535,Debit Card,Shipped,81611937,3,WINTER15,Facebook,1286.64
200700,25-09-2024,40201,Laptop,2,92.91,555,Cash,Returned,30198779,3,WINTER15,Instagram,185.82
200512,27-09-2024,14114,Desk,3,568.02,856,Online,Pending,63290700,3,FREESHIP,Instagram,1704.06
200400,28-09-2024,56266,Desk,4,160.22,304,Debit Card,Returned,60088901,9,WINTER15,Instagram,640.88
200819,28-09-2024,66196,Phone,2,398.45,650,Debit Card,Cancelled,38104650,7,SAVE10,Google,796.9
200637,29-09-2024,92294,Chair,4,306.35,784,Gift Card,Shipped,23585765,7,WINTER15,Referral,1225.4
200727,29-09-2024,29063,Chair,5,95.75,379,Online,Shipped,92745947,8,SAVE10,Instagram,478.75
200567,30-09-2024,92575,Chair,5,492.94,153,Cash,Shipped,53579227,10,FREESHIP,Email,2464.7
200743,30-09-2024,23978,Monitor,1,576.35,549,Gift Card,Returned,87090813,1,WINTER15,Instagram,576.35
200752,03-10-2024,82217,Phone,4,429.37,299,Credit Card,Delivered,33305694,8,FREESHIP,Google,1717.48
201146,03-10-2024,36383,Monitor,5,421.44,286,Cash,Pending,93336357,5,SAVE10,Instagram,2107.2
200603,04-10-2024,26223,Tablet,1,657.07,800,Cash,Pending,50900547,4,SAVE10,Google,657.07
201173,04-10-2024,82921,Monitor,1,208.36,703,Online,Shipped,31079911,4,FREESHIP,Email,208.36
200431,06-10-2024,62312,Printer,1,52.54,651,Debit Card,Cancelled,59623037,6,WINTER15,Facebook,52.54
200460,06-10-2024,83548,Laptop,1,144.25,474,Cash,Returned,93822942,2,WINTER15,Referral,144.25
200823,07-10-2024,27070,Laptop,4,653.13,973,Credit Card,Shipped,83842481,8,WINTER15,Instagram,2612.52
201046,07-10-2024,85421,Tablet,3,547.15,466,Online,Shipped,16524006,4,WINTER15,Instagram,1641.45
200208,08-10-2024,87777,Desk,2,408.32,597,Online,Shipped,29003608,3,FREESHIP,Facebook,816.64
201091,08-10-2024,16400,Laptop,3,209.48,123,Debit Card,Pending,57771859,4,,Email,628.44
200087,10-10-2024,91245,Tablet,3,225.11,915,Cash,Shipped,46976391,4,SAVE10,Facebook,675.33
200578,10-10-2024,50415,Monitor,5,566.07,587,Credit Card,Delivered,41345634,6,SAVE10,Instagram,2830.35
201073,11-10-2024,69471,Tablet,4,362.06,294,Debit Card,Returned,11107152,4,,Facebook,1448.24
200037,14-10-2024,10054,Laptop,2,76.74,409,Cash,Returned,94005261,7,SAVE10,Instagram,153.48
200012,15-10-2024,38785,Monitor,2,180.5,179,Debit Card,Pending,20419991,6,FREESHIP,Referral,361
200805,15-10-2024,59278,Laptop,5,472.01,178,Gift Card,Cancelled,14590037,10,SAVE10,Email,2360.05
200929,16-10-2024,67936,Tablet,2,536.25,553,Debit Card,Pending,71803414,3,,Email,1072.5
200616,17-10-2024,43919,Tablet,3,601.6,984,Credit Card,Cancelled,73113192,7,SAVE10,Facebook,1804.8
200304,18-10-2024,86762,Monitor,5,408.73,326,Gift Card,Delivered,75686292,10,FREESHIP,Instagram,2043.65
200724,18-10-2024,63150,Printer,3,136.97,326,Credit Card,Returned,19348078,4,FREESHIP,Referral,410.91
200896,18-10-2024,85466,Desk,3,147.29,102,Gift Card,Shipped,66764177,3,FREESHIP,Google,441.87
200660,19-10-2024,43842,Chair,2,651.57,933,Debit Card,Shipped,54084424,7,WINTER15,Facebook,1303.14
200954,22-10-2024,68609,Chair,3,443.44,240,Gift Card,Shipped,58273778,3,FREESHIP,Google,1330.32
200105,24-10-2024,72290,Printer,3,185.4,810,Gift Card,Cancelled,68792129,7,,Facebook,556.2
200497,24-10-2024,93948,Printer,3,112.29,454,Gift Card,Shipped,77358113,6,,Google,336.87
200852,24-10-2024,39530,Desk,3,568.05,618,Gift Card,Pending,69000497,6,SAVE10,Google,1704.15
200726,25-10-2024,18105,Laptop,4,583.02,338,Online,Delivered,94006117,4,FREESHIP,Facebook,2332.08
200659,26-10-2024,24301,Phone,2,642.04,964,Gift Card,Delivered,55000075,4,WINTER15,Email,1284.08
200273,27-10-2024,11849,Tablet,2,238.25,974,Online,Cancelled,91195261,7,FREESHIP,Email,476.5
200889,27-10-2024,36725,Monitor,5,650.72,350,Credit Card,Cancelled,16808790,8,WINTER15,Email,3253.6
200024,30-10-2024,17470,Laptop,2,230.95,956,Online,Delivered,28775057,3,WINTER15,Referral,461.9
200478,01-11-2024,16758,Tablet,3,62.77,914,Gift Card,Shipped,88544431,6,FREESHIP,Referral,188.31
200707,01-11-2024,31761,Chair,4,650.04,989,Gift Card,Cancelled,17628852,6,SAVE10,Facebook,2600.16
200622,02-11-2024,27078,Desk,5,236.38,128,Credit Card,Returned,89314307,7,,Facebook,1181.9
200440,05-11-2024,60215,Desk,4,83.6,978,Debit Card,Pending,31727767,4,SAVE10,Facebook,334.4
200125,06-11-2024,91099,Phone,2,512.65,758,Credit Card,Shipped,81846174,5,SAVE10,Email,1025.3
200606,06-11-2024,85018,Laptop,3,274.75,783,Cash,Cancelled,54128886,3,SAVE10,Google,824.25
200156,08-11-2024,58808,Chair,2,269.83,651,Online,Delivered,24451893,4,SAVE10,Email,539.66
200403,10-11-2024,28893,Tablet,1,620.21,740,Online,Returned,98333066,1,FREESHIP,Referral,620.21
200586,10-11-2024,17389,Monitor,1,522.08,905,Gift Card,Returned,98857880,5,FREESHIP,Referral,522.08
200807,10-11-2024,82344,Monitor,3,676.21,260,Online,Delivered,70957219,5,SAVE10,Google,2028.63
200581,11-11-2024,44674,Laptop,1,627.34,942,Online,Delivered,87158684,1,,Referral,627.34
200961,11-11-2024,55464,Phone,1,601.36,532,Online,Shipped,81178598,1,,Facebook,601.36
200651,12-11-2024,81192,Chair,3,646.34,429,Debit Card,Pending,76931118,5,,Google,1939.02
200066,15-11-2024,18104,Chair,5,127.18,715,Cash,Cancelled,15488568,9,SAVE10,Referral,635.9
200722,15-11-2024,58156,Printer,1,95.1,516,Gift Card,Pending,49719458,1,WINTER15,Instagram,95.1
200021,17-11-2024,99023,Monitor,4,342.95,569,Cash,Delivered,52646983,6,,Google,1371.8
200278,18-11-2024,46015,Laptop,5,362.46,299,Cash,Delivered,46598430,6,FREESHIP,Instagram,1812.3
200591,18-11-2024,18187,Laptop,1,605.28,470,Gift Card,Shipped,50528185,3,FREESHIP,Referral,605.28
200847,18-11-2024,48176,Printer,4,434.23,670,Online,Shipped,90560300,8,FREESHIP,Email,1736.92
200795,20-11-2024,95667,Laptop,4,115.77,586,Online,Pending,41266666,7,SAVE10,Instagram,463.08
200571,23-11-2024,42365,Tablet,1,214.08,867,Gift Card,Returned,39563288,2,WINTER15,Google,214.08
200695,23-11-2024,52604,Printer,5,101.3,553,Online,Shipped,48839788,7,FREESHIP,Email,506.5
200179,24-11-2024,27401,Laptop,3,539.91,500,Credit Card,Delivered,14332053,8,,Email,1619.73
200384,24-11-2024,35628,Chair,3,553.57,147,Credit Card,Returned,45688220,4,FREESHIP,Facebook,1660.71
200678,24-11-2024,40863,Chair,3,163.13,457,Gift Card,Shipped,20553345,5,WINTER15,Facebook,489.39
200691,24-11-2024,36137,Laptop,3,239.08,396,Cash,Shipped,57376416,8,,Google,717.24
200983,24-11-2024,67528,Monitor,4,296.28,110,Gift Card,Shipped,60865210,5,SAVE10,Email,1185.12
201119,24-11-2024,99024,Laptop,1,684.65,250,Credit Card,Delivered,24675988,1,FREESHIP,Email,684.65
200597,25-11-2024,40538,Desk,2,211.82,700,Gift Card,Cancelled,29821356,4,WINTER15,Email,423.64
200137,26-11-2024,50682,Monitor,2,250.98,598,Credit Card,Delivered,12242337,5,,Google,501.96
200234,26-11-2024,79842,Printer,4,236.41,337,Debit Card,Pending,26957950,7,SAVE10,Google,945.64
200428,26-11-2024,77085,Chair,4,262.58,895,Online,Cancelled,57227640,8,WINTER15,Email,1050.32
200454,27-11-2024,54759,Laptop,1,109.29,686,Debit Card,Cancelled,75583042,5,FREESHIP,Google,109.29
200420,29-11-2024,11921,Phone,1,452.7,439,Debit Card,Shipped,91362635,5,FREESHIP,Instagram,452.7
200742,30-11-2024,41974,Laptop,3,699.93,726,Cash,Returned,48051468,7,SAVE10,Google,2099.79
201132,02-12-2024,58858,Chair,2,337.32,948,Credit Card,Cancelled,30406357,4,SAVE10,Email,674.64
201011,03-12-2024,47823,Phone,2,478.36,654,Online,Shipped,22271097,3,,Google,956.72
201012,03-12-2024,84570,Printer,4,30.05,301,Online,Returned,12551882,6,,Facebook,120.2
200844,04-12-2024,47486,Chair,1,320.92,883,Online,Returned,75984759,5,FREESHIP,Facebook,320.92
200210,05-12-2024,93821,Chair,3,358.48,513,Gift Card,Delivered,10658539,7,FREESHIP,Facebook,1075.44
200488,05-12-2024,81573,Chair,1,36.65,556,Online,Cancelled,96522994,1,WINTER15,Email,36.65
200346,06-12-2024,31764,Tablet,1,655.09,876,Cash,Pending,44680433,6,,Referral,655.09
200035,07-12-2024,50304,Monitor,2,465.15,128,Online,Shipped,46850888,2,SAVE10,Facebook,930.3
200303,07-12-2024,48531,Tablet,1,30.54,368,Debit Card,Returned,95462192,1,,Google,30.54
200709,07-12-2024,17132,Desk,1,386.03,855,Online,Pending,37504692,4,FREESHIP,Google,386.03
200067,09-12-2024,25587,Printer,4,12.1,440,Debit Card,Cancelled,55105323,8,,Google,48.4
201042,09-12-2024,59724,Tablet,2,409.75,414,Debit Card,Shipped,67878272,2,WINTER15,Facebook,819.5
200588,10-12-2024,61849,Monitor,4,577.82,811,Credit Card,Delivered,47613918,9,,Google,2311.28
200239,11-12-2024,20256,Tablet,3,538.74,456,Online,Shipped,71127943,6,FREESHIP,Email,1616.22
200814,11-12-2024,50732,Chair,4,147.51,979,Debit Card,Pending,21082461,4,WINTER15,Instagram,590.04
200830,11-12-2024,90310,Tablet,4,190.64,853,Cash,Delivered,70028457,5,SAVE10,Email,762.56
200238,13-12-2024,66149,Desk,4,384.32,770,Credit Card,Pending,76307307,6,WINTER15,Google,1537.28
200821,14-12-2024,40771,Laptop,4,174.49,259,Credit Card,Delivered,56310345,5,SAVE10,Facebook,697.96
200148,15-12-2024,35100,Phone,2,319.91,139,Credit Card,Cancelled,56853491,3,WINTER15,Google,639.82
200510,16-12-2024,72533,Printer,1,376.76,389,Debit Card,Delivered,51288986,5,SAVE10,Email,376.76
200930,16-12-2024,59554,Phone,2,456.04,382,Debit Card,Returned,28182447,4,FREESHIP,Email,912.08
200944,16-12-2024,32687,Laptop,2,426.22,448,Online,Delivered,98284560,7,WINTER15,Google,852.44
201153,16-12-2024,98317,Monitor,4,696.71,276,Debit Card,Shipped,37172138,4,,Instagram,2786.84
200153,18-12-2024,71570,Chair,4,534.48,437,Online,Returned,95992269,9,WINTER15,Instagram,2137.92
200427,18-12-2024,25406,Desk,1,161.24,379,Credit Card,Pending,70952564,3,WINTER15,Instagram,161.24
200038,19-12-2024,15924,Laptop,1,245.89,549,Debit Card,Delivered,14835975,3,SAVE10,Google,245.89
200320,19-12-2024,55590,Printer,1,625.51,772,Credit Card,Shipped,48792951,1,FREESHIP,Facebook,625.51
200429,19-12-2024,38126,Printer,4,515.19,522,Credit Card,Pending,90838498,9,SAVE10,Facebook,2060.76
200613,19-12-2024,62405,Laptop,2,230.36,154,Online,Returned,14721763,4,WINTER15,Email,460.72
200664,19-12-2024,14847,Laptop,4,194.75,188,Cash,Shipped,46492755,5,,Facebook,779
200887,19-12-2024,67932,Chair,3,171.66,857,Debit Card,Delivered,88547534,7,,Google,514.98
200925,20-12-2024,78500,Monitor,5,502.47,304,Online,Shipped,97460884,10,WINTER15,Email,2512.35
200072,22-12-2024,19451,Tablet,4,589.44,942,Gift Card,Returned,87787793,5,,Facebook,2357.76
200369,22-12-2024,43545,Monitor,5,375.25,216,Gift Card,Pending,73937402,9,SAVE10,Email,1876.25
201169,23-12-2024,15849,Chair,1,525.43,643,Cash,Cancelled,26794546,2,SAVE10,Instagram,525.43
201033,24-12-2024,20338,Monitor,1,370.85,331,Gift Card,Delivered,30654048,2,FREESHIP,Referral,370.85
200329,25-12-2024,88371,Chair,4,283.16,306,Credit Card,Shipped,63224811,6,,Google,1132.64
201097,26-12-2024,81370,Monitor,5,506.45,344,Gift Card,Shipped,99682998,7,WINTER15,Google,2532.25
200570,27-12-2024,63727,Desk,2,362.14,122,Debit Card,Pending,13611021,2,SAVE10,Instagram,724.28
200108,28-12-2024,33099,Laptop,5,48.38,522,Gift Card,Delivered,28522330,9,WINTER15,Email,241.9
200051,30-12-2024,36778,Tablet,1,388.33,434,Cash,Returned,67610289,2,SAVE10,Facebook,388.33
200408,01-01-2025,11906,Printer,3,412.53,536,Online,Pending,31140158,6,WINTER15,Google,1237.59
200152,02-01-2025,77736,Chair,2,399.04,659,Cash,Cancelled,90329250,3,FREESHIP,Referral,798.08
201147,02-01-2025,19759,Chair,2,588.3,234,Online,Pending,22515454,2,FREESHIP,Email,1176.6
200211,03-01-2025,54390,Printer,3,193.58,185,Gift Card,Pending,83853742,7,FREESHIP,Email,580.74
200438,03-01-2025,77800,Tablet,3,459.34,436,Gift Card,Pending,27439574,3,SAVE10,Instagram,1378.02
200168,04-01-2025,49517,Printer,1,594.96,878,Cash,Returned,78551375,6,,Facebook,594.96
200595,10-01-2025,72596,Printer,2,385.16,491,Online,Pending,83870446,7,SAVE10,Email,770.32
201043,11-01-2025,43965,Tablet,2,179.96,675,Gift Card,Shipped,94346739,5,,Instagram,359.92
200292,15-01-2025,39639,Monitor,1,65.95,185,Credit Card,Delivered,31042152,5,,Facebook,65.95
200375,16-01-2025,87547,Monitor,4,95.03,400,Online,Shipped,71027262,8,FREESHIP,Facebook,380.12
200391,16-01-2025,60037,Laptop,2,527.46,516,Debit Card,Cancelled,82009557,3,FREESHIP,Referral,1054.92
200648,18-01-2025,89674,Monitor,2,575.83,182,Online,Delivered,45902512,3,WINTER15,Referral,1151.66
200917,20-01-2025,65524,Laptop,5,383.82,836,Credit Card,Returned,19315310,7,FREESHIP,Google,1919.1
200097,21-01-2025,15624,Tablet,5,619.52,922,Debit Card,Pending,40621141,9,,Email,3097.6
200203,21-01-2025,99173,Printer,3,356.84,172,Online,Shipped,89849342,5,SAVE10,Instagram,1070.52
200130,22-01-2025,29059,Desk,3,501.3,513,Online,Cancelled,88360704,3,WINTER15,Facebook,1503.9
200199,23-01-2025,87524,Phone,1,625,358,Online,Returned,21114341,5,WINTER15,Google,625
200741,23-01-2025,99683,Monitor,5,332.64,945,Gift Card,Delivered,87305883,10,,Referral,1663.2
200196,24-01-2025,40882,Desk,4,217.13,719,Cash,Delivered,64165503,8,WINTER15,Email,868.52
200103,25-01-2025,62656,Phone,4,218.43,514,Credit Card,Cancelled,86296459,9,SAVE10,Email,873.72
200323,26-01-2025,29416,Laptop,1,150.17,414,Debit Card,Returned,63820842,1,SAVE10,Referral,150.17
200405,26-01-2025,97774,Monitor,4,451.97,603,Online,Cancelled,64664424,7,WINTER15,Email,1807.88
200114,27-01-2025,77272,Monitor,5,498.48,115,Online,Pending,29708128,8,SAVE10,Google,2492.4
200609,27-01-2025,41137,Chair,3,449.13,809,Cash,Returned,52732162,5,WINTER15,Referral,1347.39
200493,28-01-2025,84908,Phone,1,420.26,372,Credit Card,Pending,64135970,4,FREESHIP,Facebook,420.26
201061,29-01-2025,25445,Laptop,5,131.7,830,Cash,Shipped,12402431,8,FREESHIP,Google,658.5
200382,30-01-2025,26718,Printer,4,263.09,272,Debit Card,Shipped,91702525,8,SAVE10,Google,1052.36
200063,02-02-2025,96695,Chair,1,564.86,813,Debit Card,Shipped,64283851,6,WINTER15,Referral,564.86
200185,02-02-2025,46877,Laptop,1,210.7,572,Online,Shipped,96935978,2,WINTER15,Referral,210.7
200697,04-02-2025,27430,Printer,5,94.85,788,Cash,Shipped,45025840,6,WINTER15,Email,474.25
200988,04-02-2025,90318,Desk,2,629.56,818,Gift Card,Cancelled,52765043,5,WINTER15,Instagram,1259.12
201172,04-02-2025,28828,Desk,3,131.96,745,Credit Card,Pending,32550359,8,,Instagram,395.88
200904,05-02-2025,16693,Monitor,4,237.43,262,Cash,Cancelled,41146508,8,WINTER15,Referral,949.72
200202,06-02-2025,36938,Monitor,3,253.98,636,Credit Card,Cancelled,52522904,3,FREESHIP,Email,761.94
200685,07-02-2025,64579,Desk,1,234.37,638,Debit Card,Shipped,10276565,5,FREESHIP,Email,234.37
200900,07-02-2025,52342,Laptop,5,73.83,991,Debit Card,Pending,67342586,9,,Instagram,369.15
200919,07-02-2025,92086,Printer,2,374.6,187,Online,Shipped,23357668,3,FREESHIP,Referral,749.2
200175,08-02-2025,78170,Chair,5,68.34,332,Debit Card,Pending,71410605,6,WINTER15,Referral,341.7
200513,09-02-2025,64128,Tablet,3,94.88,533,Gift Card,Shipped,37053575,8,,Referral,284.64
200589,10-02-2025,84041,Laptop,2,500.8,900,Cash,Delivered,84920444,3,FREESHIP,Referral,1001.6
200914,10-02-2025,70352,Desk,1,626.6,955,Gift Card,Returned,51589589,4,WINTER15,Facebook,626.6
201191,10-02-2025,44148,Desk,4,376.43,809,Gift Card,Pending,67872709,5,WINTER15,Instagram,1505.72
201064,12-02-2025,32121,Laptop,4,198.81,654,Cash,Returned,96074264,9,FREESHIP,Referral,795.24
200365,14-02-2025,56796,Phone,1,678.38,607,Credit Card,Cancelled,74263180,4,SAVE10,Referral,678.38
200372,14-02-2025,53645,Chair,3,483.53,166,Cash,Returned,12123939,4,,Referral,1450.59
200351,15-02-2025,94248,Laptop,1,64.66,494,Debit Card,Delivered,89406816,4,,Instagram,64.66
201130,16-02-2025,24347,Laptop,2,323.45,533,Credit Card,Returned,27233265,5,FREESHIP,Instagram,646.9
201141,16-02-2025,11998,Chair,3,498.66,382,Cash,Cancelled,26707221,6,,Email,1495.98
200523,18-02-2025,65083,Desk,4,657.79,652,Credit Card,Returned,60937148,6,WINTER15,Google,2631.16
200539,18-02-2025,53277,Desk,3,531.72,473,Gift Card,Delivered,17653832,7,SAVE10,Google,1595.16
200760,18-02-2025,96636,Desk,1,39.56,283,Debit Card,Cancelled,73324346,5,,Google,39.56
200157,21-02-2025,50422,Monitor,2,564.58,636,Online,Returned,71227815,4,WINTER15,Facebook,1129.16
200730,22-02-2025,77357,Phone,1,474.6,407,Debit Card,Delivered,91943923,4,SAVE10,Email,474.6
200746,24-02-2025,32183,Desk,3,661.89,551,Online,Cancelled,76287027,6,WINTER15,Referral,1985.67
201022,24-02-2025,19071,Tablet,3,450.98,396,Credit Card,Shipped,66537096,8,SAVE10,Referral,1352.94
200089,25-02-2025,17181,Printer,5,455.33,291,Credit Card,Cancelled,78912978,8,FREESHIP,Google,2276.65
200473,25-02-2025,28552,Chair,2,14.93,449,Online,Shipped,71597160,4,,Facebook,29.86
200549,25-02-2025,34266,Monitor,4,629.88,550,Debit Card,Cancelled,56378197,8,WINTER15,Instagram,2519.52
200528,26-02-2025,32011,Chair,1,628.89,686,Credit Card,Returned,70997744,2,SAVE10,Referral,628.89
200039,27-02-2025,96664,Printer,3,256.46,666,Credit Card,Delivered,85508960,4,SAVE10,Referral,769.38
200952,27-02-2025,49111,Monitor,3,503.39,225,Online,Pending,45303393,5,,Facebook,1510.17
200283,28-02-2025,39638,Laptop,4,540.33,990,Cash,Shipped,69745608,6,,Google,2161.32
200661,28-02-2025,63657,Tablet,3,424.89,116,Debit Card,Cancelled,86378984,6,FREESHIP,Google,1274.67
200984,28-02-2025,44176,Desk,1,77.64,706,Credit Card,Shipped,68704764,1,FREESHIP,Facebook,77.64
201029,01-03-2025,44733,Desk,1,87.06,851,Credit Card,Shipped,41500198,4,FREESHIP,Email,87.06
201139,01-03-2025,70659,Chair,3,501.82,568,Gift Card,Cancelled,28290825,4,FREESHIP,Email,1505.46
200482,02-03-2025,35852,Monitor,3,381.41,989,Online,Pending,22302049,6,,Instagram,1144.23
200706,02-03-2025,85330,Desk,5,228.09,969,Gift Card,Returned,97693301,9,FREESHIP,Facebook,1140.45
200335,03-03-2025,58721,Tablet,3,205.86,978,Gift Card,Shipped,34801199,4,,Email,617.58
200166,04-03-2025,28889,Chair,3,86.29,565,Cash,Delivered,23791726,6,WINTER15,Instagram,258.87
200708,04-03-2025,25268,Printer,1,665.11,788,Cash,Pending,20481215,3,FREESHIP,Instagram,665.11
200477,05-03-2025,56564,Phone,2,253.74,481,Online,Shipped,13166044,5,SAVE10,Google,507.48
200898,05-03-2025,44619,Monitor,3,158.37,742,Cash,Shipped,66662528,6,,Referral,475.11
201051,05-03-2025,35043,Monitor,5,26.43,820,Gift Card,Shipped,65097450,5,FREESHIP,Facebook,132.15
200344,06-03-2025,95623,Tablet,3,623.34,248,Online,Cancelled,67558189,3,SAVE10,Instagram,1870.02
200615,07-03-2025,97218,Monitor,5,460.14,252,Credit Card,Returned,52632065,10,WINTER15,Facebook,2300.7
200732,07-03-2025,80987,Laptop,1,132.05,787,Online,Delivered,42187776,2,,Google,132.05
201077,07-03-2025,57861,Printer,3,305.16,115,Credit Card,Cancelled,47775217,8,SAVE10,Referral,915.48
200191,08-03-2025,51494,Laptop,2,488.87,505,Online,Cancelled,58520306,4,FREESHIP,Google,977.74
200826,08-03-2025,43249,Printer,3,463.81,283,Online,Returned,32469820,8,WINTER15,Email,1391.43
200079,10-03-2025,76700,Tablet,2,311.91,103,Online,Shipped,13036341,2,,Facebook,623.82
201162,11-03-2025,29405,Phone,2,224.37,251,Debit Card,Delivered,33125798,3,WINTER15,Referral,448.74
200693,12-03-2025,62070,Monitor,1,176.58,674,Debit Card,Returned,10267127,4,,Referral,176.58
200747,12-03-2025,54277,Tablet,2,259.58,940,Debit Card,Delivered,26500181,7,FREESHIP,Instagram,519.16
200880,12-03-2025,85074,Laptop,4,233.7,506,Online,Shipped,63133878,8,SAVE10,Facebook,934.8
200920,12-03-2025,26137,Tablet,2,428.09,978,Credit Card,Returned,98110407,6,,Instagram,856.18
200496,14-03-2025,93618,Printer,3,201.21,249,Online,Cancelled,66129326,3,SAVE10,Google,603.63
200833,14-03-2025,90595,Phone,5,78.29,508,Credit Card,Shipped,96573803,5,WINTER15,Referral,391.45
200188,15-03-2025,97715,Chair,2,363.91,927,Gift Card,Shipped,19515949,2,FREESHIP,Referral,727.82
200813,15-03-2025,12813,Laptop,5,292.54,263,Debit Card,Cancelled,36131660,8,FREESHIP,Email,1462.7
200822,15-03-2025,20624,Phone,1,479.56,923,Gift Card,Returned,45123395,1,SAVE10,Google,479.56
201038,15-03-2025,77961,Tablet,3,362.53,422,Debit Card,Returned,28969024,5,,Facebook,1087.59
201089,15-03-2025,13324,Tablet,2,599.74,440,Gift Card,Shipped,66967997,2,,Instagram,1199.48
201127,15-03-2025,69396,Printer,3,602.75,920,Credit Card,Shipped,33155049,6,SAVE10,Email,1808.25
200426,16-03-2025,40967,Monitor,5,57.45,315,Cash,Cancelled,24839296,10,,Facebook,287.25
200207,18-03-2025,54595,Phone,1,121.96,999,Debit Card,Delivered,44416659,3,,Google,121.96
200182,19-03-2025,16612,Desk,1,600.54,596,Debit Card,Pending,96188223,4,WINTER15,Google,600.54
200584,21-03-2025,15257,Chair,4,145.05,626,Online,Delivered,28779938,6,SAVE10,Google,580.2
200777,21-03-2025,66116,Chair,5,64.49,633,Online,Cancelled,41967983,7,,Facebook,322.45
200030,22-03-2025,44267,Monitor,2,426.7,895,Online,Pending,54751444,5,SAVE10,Referral,853.4
200569,22-03-2025,25783,Desk,5,250.68,672,Cash,Shipped,13289741,8,SAVE10,Instagram,1253.4
200924,22-03-2025,81319,Printer,5,268.43,991,Cash,Returned,55330558,5,SAVE10,Email,1342.15
200537,23-03-2025,68553,Tablet,3,247.47,385,Online,Delivered,58218971,4,SAVE10,Facebook,742.41
201087,23-03-2025,84134,Laptop,4,693.07,530,Online,Shipped,48659380,8,SAVE10,Instagram,2772.28
200018,26-03-2025,84329,Desk,1,431.44,891,Gift Card,Pending,65191045,3,SAVE10,Facebook,431.44
200825,26-03-2025,23899,Desk,5,271.69,543,Online,Returned,88914760,7,FREESHIP,Instagram,1358.45
200054,27-03-2025,48120,Chair,1,280.25,623,Online,Pending,11014449,5,WINTER15,Email,280.25
200229,28-03-2025,62622,Tablet,1,562.61,762,Credit Card,Delivered,70997648,3,WINTER15,Facebook,562.61
200353,28-03-2025,16012,Tablet,1,630.82,171,Online,Delivered,15195225,5,FREESHIP,Google,630.82
200800,28-03-2025,34686,Tablet,1,68.39,412,Online,Returned,99468332,3,WINTER15,Facebook,68.39
200276,29-03-2025,99050,Printer,2,600.57,654,Debit Card,Returned,56927089,3,WINTER15,Instagram,1201.14
200705,30-03-2025,50114,Monitor,2,49.08,420,Debit Card,Returned,20214786,7,FREESHIP,Instagram,98.16
200462,31-03-2025,22991,Phone,1,252.68,731,Online,Cancelled,32796086,1,,Referral,252.68
200294,01-04-2025,65414,Phone,2,297.71,208,Online,Shipped,67562517,7,SAVE10,Referral,595.42
200008,02-04-2025,26817,Phone,2,134.28,904,Gift Card,Cancelled,61042692,2,,Email,268.56
200677,03-04-2025,56722,Tablet,5,22.07,179,Online,Cancelled,78778569,7,FREESHIP,Instagram,110.35
200170,04-04-2025,80223,Desk,4,662.94,535,Cash,Cancelled,68632951,8,SAVE10,Instagram,2651.76
200172,06-04-2025,34134,Printer,1,254.12,365,Online,Delivered,43074303,1,WINTER15,Email,254.12
200415,06-04-2025,62169,Chair,1,184.15,655,Gift Card,Shipped,64558985,5,FREESHIP,Facebook,184.15
200286,07-04-2025,70554,Monitor,3,139.45,187,Gift Card,Returned,61086952,8,WINTER15,Google,418.35
200564,08-04-2025,93309,Desk,5,364.28,734,Credit Card,Cancelled,99446987,5,WINTER15,Google,1821.4
200879,08-04-2025,56622,Phone,2,547.67,932,Gift Card,Shipped,86373987,3,,Instagram,1095.34
200023,09-04-2025,42372,Phone,4,273.25,755,Debit Card,Cancelled,36168083,5,FREESHIP,Referral,1093
200401,09-04-2025,98635,Printer,1,538.68,197,Debit Card,Returned,14225465,6,,Referral,538.68
200412,11-04-2025,42451,Tablet,5,133.01,246,Credit Card,Returned,31313343,10,,Facebook,665.05
200099,12-04-2025,30477,Printer,1,201.58,717,Debit Card,Cancelled,51829648,2,WINTER15,Email,201.58
200749,13-04-2025,17551,Laptop,1,518.39,997,Debit Card,Pending,88797170,4,FREESHIP,Instagram,518.39
200216,15-04-2025,70492,Monitor,4,496,811,Online,Cancelled,84625405,8,WINTER15,Google,1984
200774,15-04-2025,29701,Chair,3,20.54,257,Credit Card,Cancelled,42266846,3,FREESHIP,Instagram,61.62
200939,16-04-2025,48510,Laptop,2,521.4,212,Cash,Delivered,53152886,7,SAVE10,Instagram,1042.8
200267,17-04-2025,84480,Chair,5,468.51,803,Debit Card,Delivered,62361867,9,,Facebook,2342.55
200658,18-04-2025,86864,Printer,2,46.36,670,Gift Card,Returned,15323191,4,SAVE10,Google,92.72
200767,18-04-2025,19368,Tablet,2,323.22,517,Credit Card,Delivered,80436037,7,,Instagram,646.44
200471,19-04-2025,52717,Desk,5,551.27,395,Online,Cancelled,27625571,7,FREESHIP,Referral,2756.35
200475,19-04-2025,29844,Tablet,2,438.62,363,Cash,Cancelled,91642337,3,SAVE10,Facebook,877.24
200245,20-04-2025,12667,Laptop,1,223.3,306,Online,Returned,25390491,1,,Facebook,223.3
200044,21-04-2025,73225,Phone,2,550.18,996,Gift Card,Returned,73848522,3,FREESHIP,Referral,1100.36
200282,22-04-2025,30411,Printer,4,637.79,375,Gift Card,Cancelled,71810536,9,FREESHIP,Google,2551.16
200899,23-04-2025,99904,Printer,2,323.37,552,Online,Pending,83843411,3,SAVE10,Instagram,646.74
200647,24-04-2025,54409,Desk,3,339.39,667,Cash,Returned,67671316,7,FREESHIP,Google,1018.17
200395,25-04-2025,30010,Phone,3,127.41,830,Gift Card,Delivered,35386084,7,SAVE10,Referral,382.23
201013,26-04-2025,91123,Laptop,4,300.56,842,Cash,Cancelled,49568409,9,FREESHIP,Facebook,1202.24
200850,27-04-2025,38557,Monitor,3,638.5,890,Debit Card,Cancelled,14832238,4,FREESHIP,Instagram,1915.5
200796,29-04-2025,33313,Phone,3,579.55,882,Gift Card,Returned,13349970,8,WINTER15,Facebook,1738.65
200146,30-04-2025,84645,Tablet,2,411.49,404,Credit Card,Returned,68893369,4,,Instagram,822.98
200219,02-05-2025,48946,Laptop,5,61.97,457,Cash,Delivered,99387220,6,SAVE10,Email,309.85
200453,02-05-2025,15017,Tablet,1,675.57,492,Cash,Shipped,51241924,1,WINTER15,Facebook,675.57
200126,03-05-2025,55606,Desk,4,275.5,353,Gift Card,Shipped,68250319,8,FREESHIP,Google,1102
200370,03-05-2025,80649,Phone,1,312.11,870,Online,Cancelled,41143313,4,WINTER15,Facebook,312.11
200532,03-05-2025,47365,Laptop,2,41,369,Online,Delivered,42207882,7,,Email,82
201096,03-05-2025,18169,Tablet,2,464.92,782,Debit Card,Returned,49482923,2,,Facebook,929.84
200414,04-05-2025,11829,Desk,2,139.57,797,Cash,Delivered,84229257,4,WINTER15,Facebook,279.14
200147,06-05-2025,46316,Laptop,2,465.18,893,Credit Card,Cancelled,16196000,2,SAVE10,Google,930.36
200908,06-05-2025,35117,Desk,2,697.93,332,Credit Card,Cancelled,27155709,2,SAVE10,Google,1395.86
200967,06-05-2025,52879,Tablet,5,638.92,502,Credit Card,Returned,67403284,5,FREESHIP,Google,3194.6
200111,07-05-2025,95271,Desk,3,309.22,620,Online,Cancelled,74904969,7,FREESHIP,Google,927.66
200842,07-05-2025,78305,Laptop,3,364.14,396,Online,Pending,88312618,7,WINTER15,Referral,1092.42
200004,08-05-2025,81840,Printer,4,626.01,668,Online,Delivered,29241424,8,SAVE10,Email,2504.04
200036,08-05-2025,59337,Laptop,2,534.43,465,Debit Card,Pending,50961250,5,,Facebook,1068.86
200243,09-05-2025,54725,Chair,2,144.66,506,Online,Cancelled,30601940,7,FREESHIP,Google,289.32
200519,10-05-2025,71797,Laptop,4,464.29,941,Debit Card,Returned,66010667,5,SAVE10,Email,1857.16
201120,10-05-2025,22919,Tablet,1,195.86,267,Online,Pending,82416295,3,,Facebook,195.86
200315,12-05-2025,59139,Tablet,5,91.67,301,Online,Cancelled,45507090,9,FREESHIP,Email,458.35
201145,12-05-2025,28152,Desk,3,571.53,821,Debit Card,Delivered,59642814,6,FREESHIP,Facebook,1714.59
200843,13-05-2025,43538,Desk,3,430.06,534,Gift Card,Cancelled,20961563,8,FREESHIP,Instagram,1290.18
200883,13-05-2025,43595,Printer,5,561.48,451,Online,Delivered,25317348,9,FREESHIP,Facebook,2807.4
200508,14-05-2025,39550,Phone,1,558.27,976,Online,Delivered,24120267,1,,Referral,558.27
200251,15-05-2025,93175,Monitor,4,14.69,814,Cash,Cancelled,32995144,9,,Email,58.76
200784,16-05-2025,21191,Laptop,1,325.81,232,Credit Card,Pending,85771230,1,WINTER15,Referral,325.81
200311,17-05-2025,71698,Desk,5,489.37,274,Online,Returned,34786818,8,,Instagram,2446.85
201025,17-05-2025,28406,Chair,1,23.53,174,Gift Card,Delivered,98841457,2,FREESHIP,Instagram,23.53
200683,18-05-2025,91591,Desk,4,652.48,887,Cash,Pending,23554043,5,FREESHIP,Instagram,2609.92
200798,19-05-2025,20861,Phone,5,488.35,968,Debit Card,Returned,89372013,9,FREESHIP,Email,2441.75
200966,20-05-2025,58503,Monitor,5,280.52,290,Credit Card,Cancelled,12981657,7,WINTER15,Facebook,1402.6
200312,24-05-2025,35397,Printer,5,66.31,579,Gift Card,Pending,64742535,7,FREESHIP,Referral,331.55
200457,25-05-2025,50236,Desk,4,615.83,545,Online,Returned,67692578,4,WINTER15,Instagram,2463.32
200783,26-05-2025,19937,Printer,1,438.34,281,Gift Card,Returned,46990083,5,FREESHIP,Facebook,438.34
200261,28-05-2025,68976,Phone,5,173.65,460,Gift Card,Delivered,25491356,9,SAVE10,Email,868.25
200554,30-05-2025,61943,Laptop,2,492.9,610,Cash,Returned,66126496,5,FREESHIP,Instagram,985.8
200140,31-05-2025,33110,Chair,3,528.14,388,Online,Delivered,38624225,3,FREESHIP,Email,1584.42
200607,31-05-2025,96434,Printer,4,634.05,282,Cash,Shipped,56730647,6,SAVE10,Google,2536.2
200754,31-05-2025,48846,Printer,2,452.05,983,Credit Card,Returned,52804097,3,WINTER15,Email,904.1
200870,01-06-2025,78725,Phone,4,470.09,541,Debit Card,Delivered,72001139,4,FREESHIP,Google,1880.36
200934,01-06-2025,40304,Laptop,4,119.84,692,Gift Card,Shipped,85790948,8,FREESHIP,Referral,479.36
200355,03-06-2025,18353,Tablet,3,433.33,677,Credit Card,Cancelled,78766533,4,FREESHIP,Referral,1299.99
200738,04-06-2025,96261,Phone,2,485.37,264,Credit Card,Shipped,44998396,5,SAVE10,Email,970.74
200088,05-06-2025,75439,Desk,3,114.81,318,Gift Card,Cancelled,19831653,7,,Google,344.43
200495,05-06-2025,63827,Phone,4,493.73,947,Debit Card,Pending,35730581,6,SAVE10,Facebook,1974.92
200969,05-06-2025,19439,Desk,1,440.34,675,Gift Card,Shipped,25383993,2,WINTER15,Facebook,440.34
200987,05-06-2025,67387,Phone,5,283.73,436,Gift Card,Pending,54120003,8,FREESHIP,Instagram,1418.65
200200,07-06-2025,97681,Tablet,5,433.26,895,Credit Card,Delivered,37531040,9,SAVE10,Google,2166.3
201101,08-06-2025,43546,Monitor,3,161.97,904,Cash,Pending,85871121,4,SAVE10,Email,485.91
201190,08-06-2025,46886,Desk,3,616.39,754,Credit Card,Shipped,82791646,6,FREESHIP,Instagram,1849.17
200849,09-06-2025,16675,Printer,4,214.35,664,Debit Card,Cancelled,12756945,7,WINTER15,Referral,857.4
200973,09-06-2025,70010,Desk,5,230.77,141,Online,Pending,50594008,10,WINTER15,Referral,1153.85
201004,09-06-2025,87529,Chair,4,246.91,296,Online,Pending,15739505,8,SAVE10,Referral,987.64
200071,10-06-2025,37454,Monitor,3,434.45,923,Credit Card,Pending,28252730,4,,Referral,1303.35
200285,10-06-2025,67583,Phone,1,338.31,974,Online,Delivered,93281700,3,,Google,338.31
200119,11-06-2025,14683,Desk,2,534.67,187,Debit Card,Shipped,47373682,7,FREESHIP,Referral,1069.34
200504,11-06-2025,11676,Monitor,2,464.5,805,Online,Cancelled,35726395,2,WINTER15,Instagram,929
201154,11-06-2025,53631,Monitor,3,198.63,593,Cash,Pending,67589167,8,SAVE10,Instagram,595.89
200518,13-06-2025,30686,Printer,4,403.58,319,Online,Pending,59807273,9,SAVE10,Referral,1614.32
200854,13-06-2025,56938,Laptop,3,372.6,356,Credit Card,Delivered,67735987,7,WINTER15,Referral,1117.8
200837,14-06-2025,88029,Chair,5,655.55,282,Online,Delivered,59701278,5,,Email,3277.75
201182,14-06-2025,18473,Chair,2,420.29,700,Gift Card,Returned,97834202,3,SAVE10,Google,840.58
200583,15-06-2025,27072,Chair,3,154.37,996,Gift Card,Delivered,29750379,4,,Instagram,463.11
201193,16-06-2025,45104,Tablet,1,687.89,348,Cash,Returned,38559816,1,FREESHIP,Email,687.89
200006,17-06-2025,83492,Laptop,1,664.42,986,Gift Card,Returned,96417362,6,SAVE10,Facebook,664.42
200965,18-06-2025,70412,Laptop,4,578.28,791,Gift Card,Cancelled,22192783,5,FREESHIP,Email,2313.12
201002,19-06-2025,83911,Tablet,4,699.88,944,Cash,Pending,33188106,5,WINTER15,Referral,2799.52
200133,20-06-2025,87432,Chair,4,302.05,636,Debit Card,Cancelled,68969625,6,SAVE10,Google,1208.2
201115,20-06-2025,70426,Laptop,2,336.32,562,Online,Returned,89687816,3,,Google,672.64
200468,21-06-2025,90110,Phone,1,418.36,998,Credit Card,Delivered,60203957,5,FREESHIP,Email,418.36
200713,21-06-2025,65056,Tablet,4,532.49,638,Online,Cancelled,31705278,6,SAVE10,Facebook,2129.96
200604,22-06-2025,99214,Chair,3,32.62,252,Debit Card,Delivered,81368481,6,,Facebook,97.86
201044,22-06-2025,63018,Printer,1,38.49,215,Credit Card,Delivered,52335337,4,FREESHIP,Referral,38.49
200134,23-06-2025,16253,Laptop,2,199.7,583,Cash,Pending,17354894,4,,Email,399.4
200676,23-06-2025,90431,Laptop,2,422.34,985,Credit Card,Cancelled,44151723,4,FREESHIP,Instagram,844.68
200055,24-06-2025,95984,Printer,3,344.4,565,Online,Cancelled,67434829,3,,Facebook,1033.2
200163,24-06-2025,99589,Tablet,1,641.39,277,Online,Cancelled,16695001,1,,Referral,641.39
200342,24-06-2025,69994,Monitor,5,466.42,619,Gift Card,Returned,95935805,5,,Referral,2332.1
200918,24-06-2025,74359,Laptop,5,368.25,706,Online,Delivered,18250450,5,,Instagram,1841.25
201071,24-06-2025,94037,Phone,2,255.14,216,Cash,Shipped,47536985,2,,Google,510.28
200064,25-06-2025,49720,Printer,3,130.61,752,Debit Card,Cancelled,55785217,4,FREESHIP,Facebook,391.83
200226,27-06-2025,31501,Desk,3,588.05,242,Gift Card,Delivered,93063929,8,,Instagram,1764.15
200176,28-06-2025,80151,Tablet,4,430.83,553,Gift Card,Pending,88251529,8,WINTER15,Referral,1723.32
200773,28-06-2025,99205,Phone,2,512.33,415,Cash,Cancelled,48904015,7,,Facebook,1024.66
200882,28-06-2025,43335,Phone,2,274.12,533,Cash,Delivered,91848650,6,FREESHIP,Referral,548.24
201039,28-06-2025,49137,Desk,2,299.23,177,Credit Card,Cancelled,79362428,2,WINTER15,Instagram,598.46
200256,30-06-2025,94323,Chair,5,75.81,463,Gift Card,Returned,22663277,10,WINTER15,Instagram,379.05
201107,30-06-2025,25110,Tablet,2,63.21,282,Online,Cancelled,80963328,4,SAVE10,Google,126.42
